Schvaľovacie číslo / Approval number,Nazov / Name,Mesto / Town,"Okres /
District",Kraj / Region,"Kategória,
činnost /
Category","Pridružené
činnosti /
Associated
activities","Druhy /
Species","Poznámky /
Remarks"
121,ACCOM Slovakia s.r.o.,"Banská
Bystrica","Banská
Bystrica",Banskobystrický,CS,,,M
299,ACCOM Slovakia s.r.o.,Šamorín,"Dunajská
Streda",Trnavský,CS,,FP,"M, mp, rafg"
10099,"Adria Gold Slovakia, spol.s r.o.",Fiľakovo,Lučenec,Banskobystrický,CS,,FP,"mäso, mp, MP,
MM,mliekoa
M, vajcia a Vv,,
rafg"
10111,"ALFA FROST, s.r.o.","NovéMesto
nad Váhom","Nové  Mesto
n.Váhom",Trenčiansky,CS,,"ALL, FP","mletémäso,
mäsové
prípravky,
mechanicky
separované
mäso,med,
vajcia,  M,  rafg,
st, Vv, mp"
10000,"ASSIST, s.r.o.",Povoda,"Dunajská
Streda",Trnavský,CS,,,M
10070,"AVET - C, spol. s r.o.","Košťanynad
Turcom",Martin,Žilinský,CS,,,"vajcia, M, Vv"
10030,"Beef House, s.r.o.","Nové Mesto n.
Váhom","Nové  Mesto
n.Váhom",Trenčiansky,CS,,ALL,"MM,  MP,  M,
mp, rafg, st"
69-9-7,Bidfood Slovakia s. r. o.,"NovéMesto
nad Váhom","Nové  Mesto
n.Váhom",Trenčiansky,CS,,"ALL, FP","med, vajcia, fl,
M, mp, rafg, st,
Vv,MM,MP,
MSM"
10015,Bidfood Slovakia s.r.o.,Prešov,Prešov,Prešovský,CS,,"A,DU,FP,
G, L","M,  mp,  rafg,
st,vajcia,Vv,
slimáky, fl,  MM,
MP"
175,BILLA s.r.o.,Senec,Senec,Bratislavský,CS,,"A, DU, FP",mp
248,CALMAR spol. s r.o.,Košice,Košice,Košický,CS,,"A, DU, FP","M, mp"
10013,"COOP JLC, a.s.","Kostolné
Kračany","Dunajská
Streda",Trnavský,CS,,,"vajcia, M, mp,
rafg"
10074,Coronis s.r.o.,Žilina,Žilina,Žilinský,CS,,,M
10100,"DADO PLUS s.r.o., sklad vajec",Trenčín,Trenčín,Trenčiansky,CS,,,sklad vajec
10122,DC Stropkov,Stropkov,Stropkov,Prešovský,CS,,"A, DU, FP","vajcia,  mleté
mäso,mäsové
prípravky,
mäsové
konzervy,
spracovanéa
nespracované
FP, M, mp, rafg"
283,DE - AN s.r.o.,Lučenec,Lučenec,Banskobystrický,CS,,"A, DU, FP","mp, rafg, st"
10042,"Deák, spol. s r.o.",Veľká Mača,Galanta,Trnavský,CS,,"A, DU, FP","mäsové
prípravky, mäso
diviny, , M"
10080,"Delitalia, s.r.o.","Banská
Bystrica","Banská
Bystrica",Banskobystrický,CS,,,"mp,
chladiarenské
skladovanie
mliekaa
mliečnych
výrobkov"
221,DEMIFOOD spol. s r.o.,"NovéMesto
nad Váhom","Nové  Mesto
n.Váhom",Trenčiansky,CS,,"ALL, FP","M, mp, rafg"
10048,DEXTER PREŠOV s.r.o.,Prešov,Prešov,Prešovský,CS,,"A, DU","mp, rafg"
157,"DIAMON, s.r.o.",Poprad,Poprad,Prešovský,CS,RW,"A, DU",
10009,"DMJ MARKET, s.r.o., Veľkoobchod","Vranovnad
Topľou","Vranovnad
Topľou",Prešovský,CS,RW,"ALL, FP","MP,  M,mp,
rafg"
182,"DUGY, spol. s r.o. Košice",Prešov,Prešov,Prešovský,CS,RW,,
10084,"Eaglewings, s.r.o.",Zvolen,Zvolen,Banskobystrický,CS,,"A, DU, FP, G","M,mp,
mäsové
pokrmy"
10063,EASTFOOD s.r.o.,Košice,Košice,Košický,CS,,"A, B, DU, FP,
P","M,  mp,  rafg,
Vv"
262,"EMO - CAR, s.r.o., sklad","Banská
Bystrica","Banská
Bystrica",Banskobystrický,CS,,"A,  B,  FP,  G,
P","M, MM, MSM,
mäsové
prípravky, ŽVP"
10026,"ERIK, s.r.o.","Trstenépri
Hornáde","Košice-
okolie",Košický,CS,,"A, DU, G",
232,ESA LOGISTIKA s.r.o.,Senec,Senec,Bratislavský,CS,,"A, B, FP, P","mp,  M,  rafg,
Vv"
10037,FOODLAVA s.r.o.,"Dunajská
Streda","Dunajská
Streda",Trnavský,CS,,"DU, FP","M, mp, rafg"
151,Four Foodservice s. r. o.,"Dolný
Moštenec","Považská
Bystrica",Trenčiansky,CS,,"A, DU, FP",M
10022,FRUKTAL s.r.o.,"Liptovský
Mikuláš","Liptovský
Mikuláš",Žilinský,CS,,A,
119,GASTROTOP a.s.,Kopčany,Skalica,Trnavský,CS,,"A,DU,fG,
FP, G, L","M, mp"
10008,"Gošen, spol. s r.o., Redistribučný sklad",Važec,"Liptovský
Mikuláš",Žilinský,CS,,,"mp, Vv"
10090,"HASTIA FOOD, s. r. o.",Ružomberok,Ružomberok,Žilinský,CS,,,"M, mp"
9-13,HAVI Logistics s.r.o.,Trnava,Trnava,Trnavský,CS,,"A, DU, FP",mp
10001,"HO&PE FAMILY, s.r.o.","Poprad-
Matejovce",Poprad,Prešovský,CS,,"A, DU, FP, G","M, mp"
253,HOPI s.r.o.,Senec,Senec,Bratislavský,CS,,"A,DU,FP,
G, L","M, mp"
131,HOPI SK s.r.o.,Prešov,Prešov,Prešovský,CS,,"A, DU, FP, L,
S","mp,  MSM, M,
MM, MP,"
164,HOPI SK s.r.o.,Madunice,Hlohovec,Trnavský,CS,,"A,DU,FP,
G, L",mp
10113,"Chladiarenský a mraziarenský sklad, Jesenná
12, 080 05 Prešov",Prešov,Prešov,Prešovský,CS,,"A, DU, FP, G","Mäsové
prípravky,
vajcia,  M,  mp,
rafg, Vv"
10109,Chladiarenský sklad,"Nižná
Šebastová",Prešov,Prešovský,CS,,"A, DU, FP","M, mp, rafg"
10110,Chladiarenský sklad,Námestovo,Námestovo,Žilinský,CS,,,"M,  mp,  rafg,
st"
10128,"Chladiarenský sklad, Petrovany-Vysielač 588",Petrovany,Prešov,Prešovský,CS,,FP,"vajcia, M, mp,
rafg, Vv"
126,"ICE - BERG SLOVAKIA, spol. s r.o.",Bratislava,Bratislava,Bratislavský,CS,,"A,DU,FP,
G, L",mp
141,"IMPOL, s.r.o.",Ľubotice,Prešov,Prešovský,CS,,"DU, FP","mp, M, rafg,"
251,Ing. Karol Černák - SNIEŽIK,Košice,Košice,Košický,CS,,"A, DU, FP","M, mp"
10005,Ing. Karol Lacko - NOBA - MERK FOOD,Holíč,Skalica,Trnavský,CS,,,"M, rafg"
10020,"INMEDIA, spol. s r.o.",Zvolen,Zvolen,Banskobystrický,CS,,"A,DU,FP,
wU",
10072,"INMEDIA, spol. s r.o.",Košice,Košice,Košický,CS,,"A,  B,  FP,  L,
P, wA, wU","M,  mp,  rafg,
st, Vv"
292,"INMEDIA, spol. s r.o.",Košice,Košice,Košický,CS,,"A, FP",M
10101,"Inmedia, spol. s.r.o.",Prievidza,Prievidza,Trenčiansky,CS,,"A, B, FP, P","vajcia,
polotovary, M"
10078,INTERCIBUS s.r.o.,Šamorín,"Dunajská
Streda",Trnavský,CS,,,"M, mp, Vv"
10125,"Kaplan, s.r.o.","Nitrianske
Pravno",Prievidza,Trenčiansky,CS,,"A, B, P",
124,Kaufland Slovenská republika v.o.s.,Ilava,Ilava,Trenčiansky,CS,,"A,DU,FP,
G, L",mp
10006,"KEBAB, s.r.o.",Prievidza,Prievidza,Trenčiansky,CS,,,"Mraziarenské
skladovanie-
MP,
Chladiarenské
skladovanie-
M,"
10057,"KELTA GASTRO, s.r.o.",Skalica,Skalica,Trnavský,CS,,"A,DU,FP,
G, L","M,mp,Vv,
vajcia,"
10033,"KOLIBA Trade, s.r.o.",Hriňová,Detva,Banskobystrický,CS,,FP,"M, mp"
10007,"KOMFOS Prešov, s.r.o.",Ľubotice,Prešov,Prešovský,CS,,,"M, mp, rafg"
10073,KON - RAD spol. s r.o.,Bratislava,Bratislava,Bratislavský,CS,,"A,  B,  FP,  L,
P,wA,wG,
wU","M,  mp,  rafg,
st, Vv"
10019,LABAŠ s.r.o.,Košice,Košice,Košický,CS,,ALL,"MM,  M,  mp,
rafg, st"
192,LABAŠ s.r.o.,Košice,Košice,Košický,CS,,"A, FP",mp
147,Lidl Slovenská republika v.o.s.,Nemšová,Trenčín,Trenčiansky,CS,,"A, DU, FP","mp, M, rafg"
5081,"Liptovská potravinárska spoločnosť, s.r.o.",Ružomberok,Ružomberok,Žilinský,CS,,,mp
10089,"LIRIO, s. r. o.",Necpaly,Martin,Žilinský,CS,,,M
10017,LIŠKA TRANS s.r.o.,Dolná Súča,Trenčín,Trenčiansky,CS,,"ALL, FP","mletémäso,
mäsové
prípravky,
mechanicky
separované
mäso,
lahôdkarské
výrobky, M, mp,
rafg, st, Vv"
162,LMC s.r.o.,Nitra,Nitra,Nitriansky,CS,,"A,DU,FP,
G, L","mp,M, rafg, st,
MSM"
10081,Ľubomír Škrváň,Priechod,"Banská
Bystrica",Banskobystrický,CS,,,"skladovanie
vajec"
9-123,"LUMARKT, s.r.o.",Košice,Košice,Košický,CS,,FP,
10087,MABONEX SLOVAKIA spol. s r.o.,Krakovany,Piešťany,Trnavský,CS,,"ALL, FP","M, mlieko, mp,
rafg,  Vv,  vajcia,
MM, MP"
10069,"MAPS ICE, s.r.o.",Nový Život,"Dunajská
Streda",Trnavský,CS,,"DU, FP","M, mp, rafg"
226,Marta Ivánová - AGRIPO,Čečejovce,"Košice-
okolie",Košický,CS,,"A, B, FP, P","M, mp, rafg"
252,Martin Bartoš,Likavka,Ružomberok,Žilinský,CS,,"A, DU",mp
267,"MASO J+L, s.r.o.",Košice,Košice,Košický,CS,,"A, DU","mp, rafg"
258,"MILK - AGRO, spol. s r.o.",Prešov,Prešov,Prešovský,CS,,"A, DU, FP",mp
184,"MILK-AGRO, spol. s r.o.",Košice,Košice,Košický,CS,,"A, DU","M,  MM,  mp,
rafg"
10104,MIRKOM PLUS s. r. o.,Marcelová,Komárno,Nitriansky,CS,,ALL,
245,MOCHOV SK s r.o.,Galanta,Galanta,Trnavský,CS,,"DU, FP","MM, MSM, M,
mp, st"
10029,"MOVOS, spol. s r.o.",Rišňovce,Nitra,Nitriansky,CS,,A,
112,"Mraziareň CHRIEN, spol. s r.o.",Zvolen,Zvolen,Banskobystrický,CS,RW,"A, B, fG, FP,
O,P,wA,
wG, wL, wU","MP,MLM,
MSM,  mrazené
krémy,  mp,  M,
Vv"
10118,Mraziarenský a chladiarenský sklad,Bidovce,"Košice-
okolie",Košický,CS,,,"mäsové
prípravkyz
mäsa A a mäsa
DU,mlieko,
majonézy,
majonézové
výrobky, M"
153,"Mraziarne a.s., Sládkovičovo",Sládkovičovo,Galanta,Trnavský,CS,,"A, DU, FP","mp, M, mlieko,
vajcia, Vv"
10066,"MRAZIARNESERVISspol.sr.o.,
Mraziarenský sklad",Prešov,Prešov,Prešovský,CS,,"B, FP, P","mp, rafg"
10041,Nagel Slovensko s.r.o.,Prešov,Prešov,Prešovský,CS,,,"vajcia, M, mp"
10056,Nagel Slovensko s.r.o.,"Banská
Bystrica","Banská
Bystrica",Banskobystrický,CS,,FP,"vajcia,,M,
mp"
243,Nagel Slovensko s.r.o.,Senec,Senec,Bratislavský,CS,,,"M, mp"
10092,NORDFOOD s.r.o.,Ružomberok,Ružomberok,Žilinský,CS,,"A, DU, FP","M, vajcia, mp"
179,"Novogal Dvory nad Žitavou, a.s.",Levice,Levice,Nitriansky,CS,,A,
273,"Novogal Dvory nad Žitavou, a.s.",Levice,Levice,Nitriansky,CS,,A,
10098,"PERPETUAL, s.r.o.",Žilina,Žilina,Žilinský,CS,,"A,DU,fG,
FP, G, L","MM,MP,
vajcia,MSM,,
M, mp, rafg, Vv,
rybacie
výrobky"
10107,"Ploské 158, Ploské 044 44",Ploské,"Košice-
okolie",Košický,CS,,"A,  B,  FP,  O,
P, wU","Mletémäso,
mäsové
prípravky,vajcia,
M, mp, rafg, Vv"
10121,Podtatranská hydina,Lieskovec,Zvolen,Banskobystrický,CS,,"A, DU, FP, G","mechanicky
separované
hydinové mäso,
mäsové
prípravky, mleté
mäso,zložené
potravinové
výrobky, M, mp,
rafg"
10097,PRETOLOG s. r. o.,"Poprad
Matejovce",Poprad,Prešovský,CS,,"A,  B,  FP,  G,
P","MM,MP,
vajcia  ,  M,  mp,
Vv"
9-15,PROJEKT-MARKET s. r. o.,Kolárovo,Komárno,Nitriansky,CS,RW,"A,  B,  FP,  G,
P","M, mp, Vv"
242,"RACIOLA SK, s.r.o.",Holíč,Senica,Trnavský,CS,,"A, FP","M,"
10071,Rami Imeri AIDA,Košice,Košice,Košický,CS,,FP,
10124,ROFER s.r.o.,Nána,Nové Zámky,Nitriansky,CS,,"A, DU","M, mp"
144,"Ryba Košice s.r.o., sklad Lemešany",Lemešany,Prešov,Prešovský,CS,,"A, DU, FP","mletémäso,
mäsové
prípravky, mp"
9-18,RYBA Košice spol. s r.o.,"Banská
Bystrica","Banská
Bystrica",Banskobystrický,CS,,"A, B, FP, P","mp,  MM,  MP,
rybacie výrobky,
konzervy,M,
Vv,
mraziarenské
skladovanie"
111,"Ryba Žilina, spol. s r.o.",Žilina,Žilina,Žilinský,CS,,"A,DU,fG,
FP, G, L","MM,MP,
rybacie výrobky,
vajcia,MSM,
M, mp, rafg, Vv"
9-97,"SETA PLUS, s.r.o.",Modrová,"Nové  Mesto
n.Váhom",Trenčiansky,CS,,FP,
10117,SH-Trade Company s.r.o.,Prievidza,Prievidza,Trenčiansky,CS,,"A, B, O, P","Ryby,
mrazené
polotovary,
vajcia,
sterilizované
ovocie,
rastlinnéoleje,
M"
10034,"SkladKOLIBATrade,s.r.o.,AreálZdroj
Martin",Martin,Martin,Žilinský,CS,,,M
10114,"Sklad  mliečnych  výrobkov,  K.Kalocsaya  2,
038 61 Vrútky",Vrútky,Martin,Žilinský,CS,,,"mlieko, M"
10102,sklad mraziareň/chladiareň,Nitra,Nitra,Nitriansky,CS,,"A, DU, FP","mäsové
prípravky,
rybacie výrobky,
vajcia,
polotovary,M,
mp"
10126,Sklad potravín,Kračúnovce,Svidník,Prešovský,CS,,"A, DU, FP","vajcia,  mleté
mäso,mäsové
prípravky,
mäsové
konzervy,
mrazené krémy,
M, mp, rafg"
4-7-888,"SWEETY ICE, s. r. o.",Prešov,Prešov,Prešovský,CS,,"A, B",M
149,Štefan Kovačič – Mraziarne Kovačič,Cífer,Trnava,Trnavský,CS,,"A, DU, FP, L",mp
10105,TALESA s.r.o.,Bardejov,Bardejov,Prešovský,CS,,"A, DU, FP","Mäsové
prípravky,
mlieko,vajcia,
M, mp"
155,"TASHY Agrotrade, spol. s r.o.","Dunajská
Streda","Dunajská
Streda",Trnavský,CS,,"A,  B,  DU,  L,
P","mp, vajcia"
10077,"Tatranská mliekareň a.s., Distribučný sklad","Banská
Bystrica","Banská
Bystrica",Banskobystrický,CS,,,"Mlieko, M"
7033,TATRAPRIM s.r.o.,Vrbov,Kežmarok,Prešovský,CS,,"A, DU, FP",
10123,"TAURIS, a.s., Sklad mrazených a chladených
potravín","Žilina-
Bánová",Žilina,Žilinský,CS,,"A,DU,FP,
G, L","mletémäso,
mäsové
prípravky,
rybacie
výrobky,vajcia,
M, mp, rafg, Vv"
191,"TESCO STORES SR, a.s.",Beckov,"Nové  Mesto
n.Váhom",Trenčiansky,CS,,"A, DU, FP","mp, rafg"
10040,TOP CATERING s.r.o.,Košice,Košice,Košický,CS,,"A, DU, L","MM,MP,M,
mp, rafg, Vv"
10031,"TOPTRANS EU, a.s.",Nitra,Nitra,Nitriansky,CS,,"ALL, FP","MP,  ,  M,  mp,
st, Vv"
233,TRANSTRADE s.r.o.,"Ivankapri
Dunaji",Senec,Bratislavský,CS,,"A,  B,  FP,  M,
P",mp
239,"VADUAL, a. s.","Moravský
Svätý Ján",Senica,Trnavský,CS,,"A, DU, fG, L","mlieko, M, mp,
zverina z  voľne
žijúcej zveri"
10085,Veľkosklad potravín - Salim Slovakia s.r.o.,Turany,Martin,Žilinský,CS,,DU,"chladiarenské
skladovanie:
mlieko,  M,  mp,
rafg,  vajcia, Vv,
mraziarenské
skladovanie:
FP, mäsa DU a
hydiny"
10067,Veľkosklad potravín LIDL,Sereď,Galanta,Trnavský,CS,,"A, DU, FP, L,
sn,  wA,  wL,
wU","fl, M, mp, rafg,
st, Vv, MM, MP,
med, želatína"
10079,VEMAC trade & Gastro s.r.o.,"Banská
Bystrica","Banská
Bystrica",Banskobystrický,CS,,,"Chladiarenské
skladovanie:
mlieko,  mliečne
výrobky,
mäsové
výrobky, vajcia"
249,Vladimír Hoffman,Podolínec,"Stará
Ľubovňa",Prešovský,CS,,A,
10061,ZAGRO Michalovce spol. s r.o.,"Dunajská
Streda","Dunajská
Streda",Trnavský,CS,,A,M
193,"ZAGRO Michalovce, spol. s r.o.",Trhovište,Michalovce,Košický,CS,,"A, DU, FP",
10058,"Zeelandia s.r.o. Košice, Chladiarenský sklad",Rozhanovce,"Košice-
okolie",Košický,CS,,,"M, rafg, Vv"
4-7-110,ASP s.r.o.,Divina,Žilina,Žilinský,RW,,"B, C, O",M
10051,"Baliarne obchodu, a. s. Poprad",Spišská Belá,Kežmarok,Prešovský,RW,,,"prebaľovanie
želatíny"
157,"DIAMON, s.r.o.",Poprad,Poprad,Prešovský,RW,CS,"A, DU",
10009,"DMJ MARKET, s.r.o., Veľkoobchod","Vranovnad
Topľou","Vranov
nad
Topľou",Prešovský,RW,CS,ALL,
2075,"Dr.Oetker,spol.s r.o.",Boleráz,Trnava,Trnavský,RW,,,
182,"DUGY, spol. s r.o. Košice",Prešov,Prešov,Prešovský,RW,CS,,
7014,Imrich Goliaš - LIANA-GOLF,Raslavice,Bardejov,Prešovský,RW,,,
10108,"LALIX, s.r.o.",Košice,Košice,Košický,RW,,,
112,"Mraziareň CHRIEN, spol. s r.o.",Zvolen,Zvolen,Banskobystrický,RW,CS,"A,  B,  fG,  FP,
O, P, wA, wG,
wL, wU","MP,  MLM,
MSM,
mrazené
krémy,mp,
M, Vv"
4032,"NOVOCASING NITRA, s.r.o.",Nitra,Nitra,Nitriansky,RW,,"B, P",st
9-15,PROJEKT-MARKET s. r. o.,Kolárovo,Komárno,Nitriansky,RW,CS,FP,
1073,"TECHNOLIM, spol. s r.o.",Pezinok,Pezinok,Bratislavský,RW,,"B, O, P",st
4046,„Eko” bitúnok a rozrábkareň,Salka,Nové Zámky,Nitriansky,SH,"CP, CS, PP","B, P","mp, rafg"
8068L,"AGRO -  MOLD akciová spoločnosť, Bitúnok na
zabíjaniedomácichkopytníkovsmalým
objemom výroby","Debraď,časť
Hatiny","Košice-
okolie",Košický,SH,"CP, CS, GHE","B, O, P",
5031,"AGRO MÚTNE, s. r. o., Bitúnok Beňadovo",Beňadovo,Námestovo,Žilinský,SH,"CP, CS","B, O",
2044,"AGROBAK, spol. s.r.o.",Drahovce,Piešťany,Trnavský,SH,"CP, CS, PP",B,"mp, rafg"
6119L,"Agrobell  s.  r.  o.,  bitúnok,  rozrábkareň,  farma
Ležiak",Sliač,Zvolen,Banskobystrický,SH,"CP, CS","B, O, P",
3082,"AGROFARMA, spol. s r.o. Červený Kameň",Púchov,Púchov,Trenčiansky,SH,,"C, O",
7107,"AGRO-HNIEZDNE,s.r.o.,prevádzkareň
Hospodársky dvor Forbasy",Forbasy,"Stará
Ľubovňa",Prešovský,SH,"CP, CS, PP","B, C, O, P","mp, rafg"
6064,"AGRO-IPEĽ, spol. s r.o.",Holiša,Lučenec,Banskobystrický,SH,"CP, CS,  GHE,
PP","B, O, P",
45,"AGROKOMBINÁT, akciová spoločnosť, Sabinov",Sabinov,Sabinov,Prešovský,SH,,O,
5057L,"AGRONOVA EKO, s.r.o.",Bobrovník,"Liptovský
Mikuláš",Žilinský,SH,CP,B,
30716L,"AGROPRODUKT SLOVAKIA, a.s.",Ráztočno,Prievidza,Trenčiansky,SH,"CP, CS",B,
6093L,"AGROTRADE, spol. s r.o.",Veľký Blh,"Rimavská
Sobota",Banskobystrický,SH,GHE,"B, P",
7035L,"AGROZAMI, spol. s r.o.",Tvarožná,Kežmarok,Prešovský,SH,"CP, CS","B, O, P",
1086,Alžbeta Matoková - ALMAT,Závod,Malacky,Bratislavský,SH,"CP, CS, PP",P,"mp, rafg"
7022L,"Anna Kondrátová – SHR, Bitúnok a rozrábkareň",Víťazovce,Humenné,Prešovský,SH,"CP, CS",B,
1081,Arpád Albert Bitúnok Senec,Senec,Senec,Bratislavský,SH,"CP, PP","B, P",mp
6082L,"AT AGROTURIEC, spol. s r.o.",Skerešovo,Revúca,Banskobystrický,SH,"CP, CS","B, O, P",
5078,"BARTOŠ Pavol, s.r.o., Bitúnok",Lokca,Námestovo,Žilinský,SH,"CP, CS","B, C, O",
7069L,BIOFARMA ŠUŇAVA PD,Šuňava,Poprad,Prešovský,SH,"CP, CS",B,
51113L,Biofarma Turie a. s.,Turie,Žilina,Žilinský,SH,"CP, CS",B,
7105L,Bitúnok a rozrábkareň farma Lomnička,Podolínec,"Stará
Ľubovňa",Prešovský,SH,"CP, CS","B, C, O, P",
5083L,"Bitúnokarozrábkareň,Poľnohospodárske
družstvo Liptovské Revúce","Liptovské
Revúce",Ružomberok,Žilinský,SH,"CP, CS",O,
3022,Bitúnok Bolešov,Bolešov,Ilava,Trenčiansky,SH,"CP, CS","B, P",
5027,"Bitúnok Čadca, s.r.o.",Čadca,Čadca,Žilinský,SH,"CP,  CS,  MM,
MP, PP, RW","B, O","mp, rafg"
2079,Bitúnok Dechtice s.r.o.,Dechtice,Trnava,Trnavský,SH,CS,"B, P",
4037L,"bitúnok Experimentálneho centra hospodárskych
zvierat SPÚ Nitra",Nitra,Nitra,Nitriansky,SH,"CP, CS","B, O, P",
3064L,"Bitúnok PD Dolná Mariková, farma Hatné","Dolná
Mariková","Považská
Bystrica",Trenčiansky,SH,"CP, CS","B, P",
50512L,Bitúnok s rozrábkou PD Važec,Važec,"Liptovský
Mikuláš",Žilinský,SH,"CP, CS","B, O",
1089,"BITÚNOK TOMÁŠOV, s.r.o.",Tomášov,Senec,Bratislavský,SH,"CP, CS, PP","B, P","mp, rafg"
4039L,"bitúnok, PD Ivanka pri Nitre",Ivanka pri Nitre,Nitra,Nitriansky,SH,CS,"B, O, P",
8111,"BRUTUS, s.r.o., Trebišov",Trebišov,Trebišov,Košický,SH,"CP,CS,MP,
PP","B, O, P","mp, rafg"
8052,"DALTON, spol. s r.o.",Košice,Košice,Košický,SH,"CP,  CS,  MM,
MP, PP, RW","B, P","mp, rafg"
624,DANUBIUS spol. s r.o.,Komárno,Komárno,Nitriansky,SH,"CP,CS,PP,
RW","B, P","mp,  rafg,
st"
6103L,"Dobrá úroda, s.r.o., Bitúnok",Dačov Lom,Veľký Krtíš,Banskobystrický,SH,"CP, CS, GHE",B,
7034L,DUNAJEC s.r.o.,"SpišskáStará
Ves",Kežmarok,Prešovský,SH,"CP, CS","B, O, P",
6053L,"Eishken  Estate  Slovakia,  spol.  s  r.o.,  bitúnok,
rozrábkareň",Cerovo,Krupina,Banskobystrický,SH,"CP, CS",B,
3052L,EK-FARM s. r. o.,"Žabokreky nad
Nitrou",Partizánske,Trenčiansky,SH,"CP, CS","B, C, O, P",
6134L,"EKO-Produkt, s.r.o.","Kremnické
Bane","Žiarnad
Hronom",Banskobystrický,SH,"CP, CS, PP",B,"mp, rafg"
3065L,"EKORAJ  Ďurďové,  s.r.o.,  Bitúnok  pre  hovädzí
dobytok a rozrábanie mäsa, farma Ďurďové",Ďurďové,"Považská
Bystrica",Trenčiansky,SH,"CP, CS",B,
20510L,"Emil Krajčík Agro, s. r. o.",Prietrž,Senica,Trnavský,SH,"CP, CS",B,
20312,"EPP Meat s.r.o., bitúnok Terezov",Hlohovec,Hlohovec,Trnavský,SH,CS,P,
8063L,"ERIK,s.r.o.,Bitúnoknazabíjaniedomácich
kopytníkov s malým objemom výroby v areáli PD
Trstené pri Hornáde","Trstenépri
Hornáde","Košice-
okolie",Košický,SH,CS,B,
7015L,"FARMAAGRO-Dúbravas.r.o.,Bitúnoka
rozrábka Tročany",Tročany,Bardejov,Prešovský,SH,"CP, CS","B, P",
2014,FEJES OTTO A SYN s.r.o.,"Blatnána
Ostrove","Dunajská
Streda",Trnavský,SH,"CP, CS, PP","B, P","mp, rafg"
20111L,Ferdinad Mikos,Okoč,"Dunajská
Streda",Trnavský,SH,CS,P,
30713L,FORBART s.r.o.,Prievidza,Prievidza,Trenčiansky,SH,"CP, CS",B,
1063L,"GGH, s. r. o.",Kuchyňa,Malacky,Bratislavský,SH,"CP, CS, MM","B, C, O",
4035L,"HSH-V spol. s r. o., farma Dubina",Veľké Zálužie,Nitra,Nitriansky,SH,"CP, CS",B,
4045,"Chovmat F.U., s.r.o.",Rastislavice,Nové Zámky,Nitriansky,SH,CS,P,
1066L,Ing. Barbora Dunárová,Veľké Leváre,Malacky,Bratislavský,SH,"CP, CS","B, C, O",
61111,"Ing. Peter Badiar - BONUM, bitúnok, rozrábkareň",Budča,Zvolen,Banskobystrický,SH,"CP,  CS,  MM,
MP",B,
8010,Ing. Stanislav Marcinek,Gelnica,Gelnica,Košický,SH,"CP,  CS,  MM,
PP","B, P","st,mp,
rafg"
26,ISTERMEAT a.s.,"Dunajská
Streda","Dunajská
Streda",Trnavský,SH,"CP,  CS,  MM,
MP, PP","B, P","rafg,  st,
mp"
7131L,Ján Tkáč - AGROGARANT,"Hermanovce
nad Topľou","Vranovnad
Topľou",Prešovský,SH,"CP, CS","B, C, O, P",
4068L,"Jaromír  Okša,  SHR,  Bitúnok  pre  príležitostnú
porážku a rozrábkareň",Tvrdomestice,Topoľčany,Nitriansky,SH,"CP, CS",O,
2051,"JOKO - JP, s.r.o.",Šaštín-Stráže,Senica,Trnavský,SH,,B,
7106L,"Jozef  Dziak,  Bitúnok,  rozrábkareň  a  predaj  z
dvora na farme Vislanka",Vislanka,"Stará
Ľubovňa",Prešovský,SH,"CP, CS","B, C, O, P",
7078,"KARPATOVKA, s.r.o.","Chminianska
Nová Ves",Prešov,Prešovský,SH,CS,"B, C, O, P",
6052,"KoMeat, spol. s r. o.",Krupina,Krupina,Banskobystrický,SH,"CP, CS","B, O",
40610L,"KONTAJNEROVÝ  BITÚNOK  NA  PORÁŽANIE
OŠÍPANÝCH",Kovarce,Topoľčany,Nitriansky,SH,CS,P,
7041,Ladislav Kočík,Studenec,Levoča,Prešovský,SH,"CP, CS, PP","B, O","mp, rafg,"
6115,Ľubomír Václavík - PASMA,Hriňová,Detva,Banskobystrický,SH,"CP, CS, PP",DU,"mp, rafg"
6102,M - NOVOMAX - D s.r.o.,Bušince,Veľký Krtíš,Banskobystrický,SH,"CP, CS, PP","B, C, O, P",
4016L,"Mangalica farma, s.r.o., so sídlom Pavlov Dvor",Hurbanovo,Komárno,Nitriansky,SH,"CP, CS, PP","B, C, O, P","mp, rafg"
2061,Mária Vrablicová SANBIT,Holíč,Skalica,Trnavský,SH,"CP, CS, SH","B, C, O, P",
4071,MATEJOV s.r.o.,Zlaté Moravce,"Zlaté
Moravce",Nitriansky,SH,"CP, PP",DU,"mp,  rafg,
st"
2052,"MÄS-COM, a.s., areál RD Častkov",Častkov,Senica,Trnavský,SH,"CP, CS",P,
8091L,Mäsiarstvo JP,Sobrance,Sobrance,Košický,SH,"CP, CS",P,
4038,"Mäso Melek, s.r.o., Melek 231, 952 01 Melek",Melek,Nitra,Nitriansky,SH,"CP, CS, PP","B, C, O, P, S","mp,  rafg,
st"
8071,"Mäso ZEMPLÍN, a.s.",Michalovce,Michalovce,Košický,SH,"CP, CS, PP","B, P","mp, rafg"
2013,"MÄSOCENTRUM, s.r.o.",Dolný Štál,"Dunajská
Streda",Trnavský,SH,"CP, PP",P,"mp, rafg"
2023,"MINIMETRO, s.r.o.",Malá Mača,Galanta,Trnavský,SH,"CP, CS",B,
4041,MIRAN s.r.o.,Šurany,Nové Zámky,Nitriansky,SH,"CP, CS, PP",P,st
7032,"MIROND, spol. s r.o. Kežmarok",Kežmarok,Kežmarok,Prešovský,SH,"CP, CS, PP","B, O","mp, rafg"
5076,"MiroslavKubicaMÄSO-UDENINY,Bitúnok,
mäsová výroba",Zákamenné,Námestovo,Žilinský,SH,"CP, CS, PP","B, O","mp,  rafg,"
4033L,"Národnépoľnohospodárskeapotravinárske
centrum",Lužianky,Nitra,Nitriansky,SH,"CP, CS","B, C, O, P",
20213L,NH FARMA s.r.o.,Čierny Brod,Galanta,Trnavský,SH,"CP, CS",P,
4051,NOURUS - MÄSO s.r.o.,Tešedíkovo,Šaľa,Nitriansky,SH,CS,P,
70714L,"Ovčia farma Proč, s.r.o.-Bitúnok a rozrábka dvor
Podhorany",Podhorany,Prešov,Prešovský,SH,CP,"B, C, O, P",
4015L,P.K.S. AGRO FARM s.r.o.,Búč,Komárno,Nitriansky,SH,"CP, CS",P,
1083,Pavol Šišolák,Gajary,Malacky,Bratislavský,SH,"CP, PP","B, P","mp, rafg"
8067L,"PD  Čečejovce,  družstvo,  Bitúnok  na  zabíjanie
domácich kopytníkov s malým objemom výroby",Čečejovce,"Košice-
okolie",Košický,SH,"CP, CS",B,
8061L,"PD Klatov, a.s.",Nižný Klátov,"Košice-
okolie",Košický,SH,"CP, CS","B, O",
3054,PEERFECTLY s. r. o.,Partizánske,Partizánske,Trenčiansky,SH,"CP, CS",B,
7102,"POĽANA-podielníckedružstvoJarabina,
Mäsiarstvo Jarabina",Jarabina,"Stará
Ľubovňa",Prešovský,SH,"CP, PP","B, C, O, P","mp,  rafg,
st"
8102,"Poľnohospodárske družstvo ""Čingov"" Smižany","Spišské
Tomášovce","Spišská
Nová Ves",Košický,SH,"CP, CS, PP","B, O, P","mp,  rafg,
st"
3044L,"Poľnohospodárske družstvo Bošáca, Bitúnok",Bošáca,"Nové  Mesto
n.Váhom",Trenčiansky,SH,"CP, CS","B, P",
7077,"Poľnohospodárske družstvo Branisko v Širokom,
Mäsovýroba Hrabkov",Hrabkov,Prešov,Prešovský,SH,"CP, CS","B, C, O, P",
2035,Poľnohospodárske družstvo Hlohovec,Hlohovec,Hlohovec,Trnavský,SH,"CP, CS, PP","B, P","mp, rafg"
2041,Poľnohospodárske družstvo Chtelnica,Chtelnica,Piešťany,Trnavský,SH,"CP, CS, PP","B, P","mp, rafg"
5052,"Poľnohospodárske  družstvo  Lisková  -  Sliače,
družstvo",Lisková,Ružomberok,Žilinský,SH,"CP, CS, PP","B, C, O, P, S","mp, rafg"
7067L,Poľnohospodárske družstvo Mlynica,Mlynica,Poprad,Prešovský,SH,"CP, CS","B, P",
4073L,"Poľnohospodárske  družstvo  Neverice,  bitúnok
Velčice",Velčice,"Zlaté
Moravce",Nitriansky,SH,"CP, CS","B, O, P",
7066L,"Poľnohospodárskedružstvopodielnikovv
Spišskej Teplici","Spišská
Teplica",Poprad,Prešovský,SH,"CP, CS","B, P",
2055,Poľnohospodárske družstvo Senica,Senica,Senica,Trnavský,SH,CS,"B, P",
5101,Poľnohospodárske družstvo Trsteník,Trstená,Tvrdošín,Žilinský,SH,"CP, CS","B, O, P",
3056L,Poľnohospodárske družstvo v Chynoranoch,Chynorany,Partizánske,Trenčiansky,SH,CS,P,
7016L,"Poľnohospodárskepodielnickédružstvo
Bardejov, Bitúnok a rozrábka Gaboltov",Gaboltov,Bardejov,Prešovský,SH,"CP, CS","B, P",
7068L,"Poľnohospodárskepodielnickédružstvo
Liptovská Teplička","Liptovská
Teplička",Poprad,Prešovský,SH,"CP, CS","B, O",
8062L,"Poľnohospodárske  výrobno-obchodné  družstvo
Mokrance",Mokrance,"Košice-
okolie",Košický,SH,"CP, CS","B, P",
2032,"QUAMREX s. r. o., bitúnok Hlohovec",Hlohovec,Hlohovec,Trnavský,SH,"CS, PP","B, P",st
4034L,"REFKA, s.r.o., bitúnok Mojmírovce",Mojmírovce,Nitra,Nitriansky,SH,"CP, CS","B, P",
8065L,"RenéPavlík,SHR,Bitúnoknazabíjanie
domácich kopytníkov s malým objemom výroby",Nováčany,"Košice-
okolie",Košický,SH,"CP, CS","B, O",
4072L,Roľnícke družstvo Tekovské Nemce,"Tekovské
Nemce","Zlaté
Moravce",Nitriansky,SH,"CP, CS, GHE",B,
7132L,"Roľnícko - obchodné družstvo Ďurďoš, Bitúnok a
rozrábka - Hospodársky dvor Vlača",Vlača,"Vranovnad
Topľou",Prešovský,SH,"CP, CS","B, P",
7101,SEPP trade. s.r.o.,Stará Ľubovňa,"Stará
Ľubovňa",Prešovský,SH,"CP,CS,PP,
RW","B, C, O, P","mp,  rafg,
st"
7121,SORBEL s.r.o.,Stročín,Svidník,Prešovský,SH,CS,"B, P",
6133L,"SPOL AGRO POČÚVADLO, s.r.o.",Počúvadlo,"Banská
Štiavnica",Banskobystrický,SH,"CP, CS",B,
8101,"Stanica výkrmnosti a jatočnej hodnoty ošípaných,
s.r.o.",Spišské Vlachy,"Spišská
Nová Ves",Košický,SH,"CP, CS, PP",P,"mp, rafg"
3031,SVAMAN spol. s r.o.,Myjava,Myjava,Trenčiansky,SH,"CP, CS, PP","B, C, O, P, S","rafg,  bl,
st"
6043L,"Svojpomocné družstvo jednotlivo hospodáriacich
roľníkovvHriňovej,bitúnok,rozrábkareň,
Hriňová - Zánemecká","Hriňová-
Zánemecká",Detva,Banskobystrický,SH,"CP, CS",B,
8114L,"Školskýpoľnohospodárskypodnikn.o.
Zemplínska Teplica, Bitúnok UVLF","Zemplínska
Teplica",Trebišov,Košický,SH,"CP, CS","B, C, O, P",
8064L,"TERRAMARK,  s.  r.  o.,  Bitúnok  na  zabíjanie
domácich kopytníkov s malým objemom výroby",Buzica,"Košice-
okolie",Košický,SH,"CP, CS",B,
5025L,"TIMEA, s.r.o.",Olešná,Čadca,Žilinský,SH,CP,"B, O, P",
51116,"TURIEC-AGRO s.r.o., Bitúnok Babkov","Lietavská
Lúčka",Žilina,Žilinský,SH,CS,B,
6091,"Ústavnavýkontrestuodňatiaslobody
Želiezovce, bitúnok Sabová","Rimavská
Sobota","Rimavská
Sobota",Banskobystrický,SH,,"B, O, P",
3077,"VJARSPOL, s.r.o.","Nitrianske
Pravno",Prievidza,Trenčiansky,SH,"CP, PP","B, O, P","mp, rafg"
3055L,"Vladimír Hamara - SHR, Salaš Cibajky",Janova Ves,Partizánske,Trenčiansky,SH,CS,"C, O, P",
4017L,Zalán Csizmadia - ZALIWAY,Tôň,Komárno,Nitriansky,SH,"CP, CS","C, O, P",
4042,"Združenie agropodnikateľov, družstvo","Dvorynad
Žitavou",Nové Zámky,Nitriansky,SH,CS,"B, P",
40513L,"ZOO  Divízia,  s.  r.  o.,  Malokapacitný  bitúnok,
farma Južné stredisko",Selice,Šaľa,Nitriansky,SH,CS,"B, P",
7062,Zuzana Debreová,Svit,Poprad,Prešovský,SH,"CP, CS","B, O",
4046,„Eko” bitúnok a rozrábkareň,Salka,Nové Zámky,Nitriansky,CP,"CS, PP, SH","B, P","mp, rafg"
8068L,"AGRO -  MOLD akciová spoločnosť, Bitúnok na
zabíjaniedomácichkopytníkovsmalým
objemom výroby","Debraď,časť
Hatiny","Košice-
okolie",Košický,CP,"CP, CS,  GHE,
SH","B, O, P",
8068,"AGRO-MOLD,akciováspoločnosť,
Minimäsovýroba Debraď",Debraď,"Košice-
okolie",Košický,CP,"CP, CS",DU,
5031,"AGRO MÚTNE, s. r. o., Bitúnok Beňadovo",Beňadovo,Námestovo,Žilinský,CP,"CS, SH","B, O",
2044,"AGROBAK, spol. s.r.o.",Drahovce,Piešťany,Trnavský,CP,"CS, PP, SH",DU,"mp, rafg"
6119L,"Agrobell  s.  r.  o.,  bitúnok,  rozrábkareň,  farma
Ležiak",Sliač,Zvolen,Banskobystrický,CP,"CS, SH","B, O, P",
3086,"AGROFARMA,  spol.  s  r.o.,  Rozrábanie  mäsa
kopytníkov",Púchov,Púchov,Trenčiansky,CP,CS,"B, O, P",
7107,"AGRO-HNIEZDNE,s.r.o.,prevádzkareň
Hospodársky dvor Forbasy",Forbasy,"Stará
Ľubovňa",Prešovský,CP,"CS, PP, SH","B, C, O, P","mp, rafg"
6064,"AGRO-IPEĽ, spol. s r.o.",Holiša,Lučenec,Banskobystrický,CP,"CS,  GHE,  PP,
SH","B, O, P",
5057L,"AGRONOVA EKO, s.r.o.",Bobrovník,"Liptovský
Mikuláš",Žilinský,CP,SH,"B, P",
30716L,"AGROPRODUKT SLOVAKIA, a.s.",Ráztočno,Prievidza,Trenčiansky,CP,"CS, SH",B,
6092,"AGROTRADE, spol. s r.o.",Veľký Blh,"Rimavská
Sobota",Banskobystrický,CP,"CP,CS,MP,
PP",DU,mp
7035L,"AGROZAMI, spol. s r.o.",Tvarožná,Kežmarok,Prešovský,CP,"CS, SH","B, P",
2022,AH&MH s.r.o.,Sládkovičovo,Galanta,Trnavský,CP,"CS, PP",DU,
7020,"ALTHAN, s.r.o.",Humenné,Humenné,Prešovský,CP,"CS, PP",DU,
2028,Alžbeta Ladovičová,Váhovce,Galanta,Trnavský,CP,PP,DU,"mp, rafg"
1086,Alžbeta Matoková - ALMAT,Závod,Malacky,Bratislavský,CP,"CS, PP, SH",DU,"mp, rafg"
7022L,"Anna Kondrátová – SHR, Bitúnok a rozrábkareň",Víťazovce,Humenné,Prešovský,CP,"CS, SH",B,
7084,Anton Gargalik,Sabinov,Sabinov,Prešovský,CP,"CS, PP",DU,"mp, rafg"
7082,"Anton Kollár, Mäsovýroba Tony",Jarovnice,Sabinov,Prešovský,CP,"CS, PP",DU,mp
5077,Anton Skurčák,"Oravská
Polhora",Námestovo,Žilinský,CP,"CS,  MM,  MP,
PP","B, P","mp, rafg"
1081,Arpád Albert Bitúnok Senec,Senec,Senec,Bratislavský,CP,"PP, SH","B, P",mp
2012,Arpád Bognár Mäso údeniny,Nový život,"Dunajská
Streda",Trnavský,CP,PP,"B, P","mp, rafg"
6082L,"AT AGROTURIEC, spol. s r.o.",Skerešovo,Revúca,Banskobystrický,CP,"CS, SH","B, O, P",
51110,"ATLANTA Žilina 1992, s. r. o.",Žilina,Žilina,Žilinský,CP,"CS, MP, PP",DU,"mp, rafg"
5084,"Autocar  Ťažné  zariadenie  s.  r.  o.,  Rozrábka  a
výroba mäsových výrobkov u Ňaňa",Ivachnová,Ružomberok,Žilinský,CP,"CS, GHE, PP",DU,"mp, rafg"
5078,"BARTOŠ Pavol, s.r.o., Bitúnok",Lokca,Námestovo,Žilinský,CP,"CS, SH",DU,
3062,"BARTOŠEK s. r. o., Veľkoobchod predaja mäsa","Považská
Bystrica","Považská
Bystrica",Trenčiansky,CP,"CP, CS",DU,
1060,"Berto sk, s. r. o.","Vysokápri
Morave",Malacky,Bratislavský,CP,"CS,  MM,  MP,
PP, RW","B, P",mp
3066,"Biely potok, a. s.",Tŕstie,"Považská
Bystrica",Trenčiansky,CP,"CP, CS,  GHE,
MP, PP",B,mp
7069L,BIOFARMA ŠUŇAVA PD,Šuňava,Poprad,Prešovský,CP,"CS, SH",B,
51113L,Biofarma Turie a. s.,Turie,Žilina,Žilinský,CP,"CS, SH",B,
70710,BIT STEK s. r. o.,Terňa,Prešov,Prešovský,CP,"CS, PP",DU,"mp, rafg"
7105L,Bitúnok a rozrábkareň farma Lomnička,Podolínec,"Stará
Ľubovňa",Prešovský,CP,"CP, CS, SH","B, C, O, P",
5083L,"Bitúnokarozrábkareň,Poľnohospodárske
družstvo Liptovské Revúce","Liptovské
Revúce",Ružomberok,Žilinský,CP,"CS, SH",O,
3022,Bitúnok Bolešov,Bolešov,Ilava,Trenčiansky,CP,"CS, SH","B, P",
5027,"Bitúnok Čadca, s.r.o.",Čadca,Čadca,Žilinský,CP,"CP,  CS,  MM,
MP,PP,RW,
SH","B, O, P","mp, rafg"
4037L,"bitúnok Experimentálneho centra hospodárskych
zvierat SPÚ Nitra",Nitra,Nitra,Nitriansky,CP,"CS, SH","B, O, P",
3064L,"Bitúnok PD Dolná Mariková, farma Hatné","Dolná
Mariková","Považská
Bystrica",Trenčiansky,CP,"CS, SH","B, P",
50512L,Bitúnok s rozrábkou PD Važec,Važec,"Liptovský
Mikuláš",Žilinský,CP,"CS, SH","B, O",
8111,"BRUTUS, s.r.o., Trebišov",Trebišov,Trebišov,Košický,CP,"CS,MP,PP,
SH","B, O, P","mp, rafg"
6041,"Bystriansky, s.r.o.",Detva,Detva,Banskobystrický,CP,"CS, PP",DU,"mp, rafg"
612,CIMBAĽÁK s.r.o.,Bardejov,Bardejov,Prešovský,CP,"CS,  MM,  MP,
PP","B, P",mp
2057,"COOP Jednota Senica, spotrebné družstvo",Jablonica,Senica,Trnavský,CP,"CS, PP",DU,"mp, rafg"
3050,"COOP Jednota Topoľčany, spotrebné družstvo",Chynorany,Partizánske,Trenčiansky,CP,"CS, PP",DU,"mp, rafg"
8052,"DALTON, spol. s r.o.",Košice,Košice,Košický,CP,"CS,  MM,  MP,
PP, RW, SH","B, P","mp, rafg"
624,DANUBIUS spol. s r.o.,Komárno,Komárno,Nitriansky,CP,"CS,  PP,RW,
SH","B, P","mp,  rafg,
st"
1041,DELIKATES – Imrich Jurišta,Bratislava,Bratislava 4,Bratislavský,CP,"CP, CS, PP",DU,"mp, rafg"
6103L,"Dobrá úroda, s.r.o., Bitúnok",Dačov Lom,Veľký Krtíš,Banskobystrický,CP,"CP, CS,  GHE,
SH",B,
20113,"DUNA-HÚS, s.r.o.",Šamorín,"Dunajská
Streda",Trnavský,CP,"CS, PP","B, P","mp, rafg"
7034L,DUNAJEC s.r.o.,"SpišskáStará
Ves",Kežmarok,Prešovský,CP,"CS, SH","B, O, P",
5086,"Dušan Jánošík, Rozrábka a sklad mäsa",Ružomberok,Ružomberok,Žilinský,CP,CS,"B, O, P",
6053L,"Eishken  Estate  Slovakia,  spol.  s  r.o.,  bitúnok,
rozrábkareň",Cerovo,Krupina,Banskobystrický,CP,"CS, SH",B,
3052L,EK-FARM s. r. o.,"Žabokreky nad
Nitrou",Partizánske,Trenčiansky,CP,"CS, SH","B, C, O, P",
6134L,"EKO-Produkt, s.r.o.","Kremnické
Bane","Žiarnad
Hronom",Banskobystrický,CP,"CS, PP, SH","B, P","mp, rafg"
3065L,"EKORAJ  Ďurďové,  s.r.o.,  Bitúnok  pre  hovädzí
dobytok a rozrábanie mäsa, farma Ďurďové",Ďurďové,"Považská
Bystrica",Trenčiansky,CP,"CS, SH",B,
20510L,"Emil Krajčík Agro, s. r. o.",Prietrž,Senica,Trnavský,CP,"CS, SH",B,
8051,"ERIK, s.r.o.",Košice,Košice,Košický,CP,"CS,  MM,  MP,
PP, RW","B, P","mp, rafg"
1065,"EuroGen, spol. s r.o.","Plavecké
Podhradie",Malacky,Bratislavský,CP,"CP,  CS,  MM,
MP, PP","B, P",mp
3095,"FALCO, s.r.o.",Trenčín,Trenčín,Trenčiansky,CP,"CS, PP, RW","A, DU","mp, rafg"
7015L,"FARMAAGRO-Dúbravas.r.o.,Bitúnoka
rozrábka Tročany",Tročany,Bardejov,Prešovský,CP,"CS, SH","B, P",
5092,"FARMA Zliechov, spol. s r.o.",Bodorová,"Turčianské
Teplice",Žilinský,CP,"CS, PP",DU,"mp, rafg"
2014,FEJES OTTO A SYN s.r.o.,"Blatnána
Ostrove","Dunajská
Streda",Trnavský,CP,"CS, PP, SH","B, P","mp, rafg"
3085L,"FISH&AGROfarma,s.r.o.,Rozrábkamäsa
kopytníkov",Púchov,Púchov,Trenčiansky,CP,CS,"B, P",
30713L,FORBART s.r.o.,Prievidza,Prievidza,Trenčiansky,CP,"CS, SH",B,
2036,František Lukáčik Mäso údeniny-potraviny,Leopoldov,Hlohovec,Trnavský,CP,"CS, PP",DU,"mp, rafg"
8103,František Marton,Krompachy,"Spišská
Nová Ves",Košický,CP,"CS, PP",DU,"mp, rafg"
8081,"GET group, s.r.o.",Rožňava,Rožňava,Košický,CP,"CS, MP, PP","B, O, P","mp, rafg"
1063L,"GGH, s. r. o.",Kuchyňa,Malacky,Bratislavský,CP,"CS, MM, SH",B,
8069,"Globaltrading Slovakia, s. r. o.",Rozhanovce,"Košice-
okolie",Košický,CP,"CP,CS,MP,
MSM, RW",DU,
7104,"GSL - SK, s.r.o.",Stará Ľubovňa,"Stará
Ľubovňa",Prešovský,CP,"CP, CS, PP","B, O, P","mp, rafg"
6114,"Gurman - ZV s. r. o.,",Breziny,Zvolen,Banskobystrický,CP,"CS, PP, RW",DU,"mp, rafg"
7021,"GVP, spol. s r.o. Humenné",Humenné,Humenné,Prešovský,CP,"CP,CS,MP,
PP, RW",DU,"mp, rafg"
5024,"hamsal, s.r.o.",Čadca,Čadca,Žilinský,CP,"CP, CS, PP","A, DU, wU","mp, rafg"
621,HÔRKA s.r.o.,"Trenčianska
Teplá",Trenčín,Trenčiansky,CP,"CS, MP, PP","B, P","mp, rafg"
4035L,"HSH-V spol. s r. o., farma Dubina",Veľké Zálužie,Nitra,Nitriansky,CP,"CS, SH",B,
70713,HURKA s.r.o.,Prešov,Prešov,Prešovský,CP,"MM, MP, PP",DU,"mp, rafg"
7037,"HYDINASKs.r.o.,Rozrábkareňmäsa
domácich kopytníkov",Kežmarok,Kežmarok,Prešovský,CP,"CS,  MM,  MP,
RW","B, O, P",
4065,Igor Božik IB mäso,Vozokany,Topoľčany,Nitriansky,CP,"CS, MM, PP",DU,"mp, rafg"
2025,Ildikó Mikócziová Mäso– hydina Mikóczy,Jelka,Galanta,Trnavský,CP,,"B, P",
2029,Imrich Forró,Váhovce,Galanta,Trnavský,CP,PP,DU,"mp, rafg"
1066L,Ing. Barbora Dunárová,Veľké Leváre,Malacky,Bratislavský,CP,"CS, SH","B, C, O",
61111,"Ing. Peter Badiar - BONUM, bitúnok, rozrábkareň",Budča,Zvolen,Banskobystrický,CP,"CS,  MM,  MP,
SH",B,
628,Ing. Peter Ertel Mäsovýroba Koš,Koš,Prievidza,Trenčiansky,CP,PP,"B, P",mp
8010,Ing. Stanislav Marcinek,Gelnica,Gelnica,Košický,CP,"CS,  MM,  PP,
SH","B, P","st,mp,
rafg"
26,ISTERMEAT a.s.,"Dunajská
Streda","Dunajská
Streda",Trnavský,CP,"CP,  CS,  MM,
MP, PP, SH","B, P","rafg,  st,
mp"
3092,"Jakub Ilavský, s. r. o.",Trenčín,Trenčín,Trenčiansky,CP,"CS,MP,PP,
RW","A, B, P","mp, rafg"
6101,Ján Drugda,Veľký Krtíš,Veľký Krtíš,Banskobystrický,CP,"MP, PP",DU,"rafg,mp"
7131L,Ján Tkáč - AGROGARANT,"Hermanovce
nad Topľou","Vranovnad
Topľou",Prešovský,CP,"CS, SH","B, C, O, P",
7124,Ján Varga – MÄSO ESO,Stropkov,Stropkov,Prešovský,CP,"CS, PP",DU,"mp, rafg"
4068L,"Jaromír  Okša,  SHR,  Bitúnok  pre  príležitostnú
porážku a rozrábkareň",Tvrdomestice,Topoľčany,Nitriansky,CP,"CS, SH",O,
3079,"Jaroslav Páleš Mäsovýroba „Zlatý býk""",Bojnice,Prievidza,Trenčiansky,CP,"CS, PP","B, C, O, P","mp, rafg"
7076,Jaroslav Petruš - Kropet,Veľký Šariš,Prešov,Prešovský,CP,"CS, PP",DU,"mp, rafg"
613,"JINEX, s.r.o.",Žilina,Žilina,Žilinský,CP,"CS, MP, PP",DU,"mp, rafg"
7106L,"Jozef  Dziak,  Bitúnok,  rozrábkareň  a  predaj  z
dvora na farme Vislanka",Vislanka,"Stará
Ľubovňa",Prešovský,CP,"CS, SH","B, C, G, O, P",
5118,Jozef Machciník MAJOVEY,Žilina - Bánová,Žilina,Žilinský,CP,"CS, PP",DU,"mp, rafg"
3045,Jumäs Trade s. r. o.,"NovéMesto
nad Váhom","Nové  Mesto
n.Váhom",Trenčiansky,CP,"CP,CS,MP,
PP, RW","B, C, O, P, S","mp, rafg"
4055,K&T mäso spol. s r. o.,Tešedíkovo,Šaľa,Nitriansky,CP,"CS, PP",DU,"mp, rafg"
5033,Karol Svetlák,Klin,Námestovo,Žilinský,CP,CS,DU,
51112,KMK-BITÚNOK RAJEC s.r.o.,Rajec,Žilina,Žilinský,CP,CS,P,
6052,"KoMeat, spol. s r. o.",Krupina,Krupina,Banskobystrický,CP,"CP, CS, SH","B, O",
3096,"Lacnea Slovakia, s. r. o.",Trenčín,Trenčín,Trenčiansky,CP,"CS,MP,PP,
RW","B, P","mp, rafg"
3076,Ladislav Borko Mäsiarstvo u Borku,Prievidza,Prievidza,Trenčiansky,CP,"CS, MP, PP",DU,mp
7041,Ladislav Kočík,Studenec,Levoča,Prešovský,CP,"CS, PP, SH","B, P","mp, rafg,"
2031,LAPREMA Trnava s.r.o.,Siladice,Trnava,Trnavský,CP,CS,"B, P",
3097,LAPREMA Trnava s.r.o.,Trenčín,Trenčín,Trenčiansky,CP,"CP,CS,MP,
MSM, PP, RW","B, P","mp, rafg"
8072,"LESY SERVIS, s.r.o., Mäsovýroba Jëger",Lesné,Michalovce,Košický,CP,"CP, CS, PP","B, P",mp
6054L,"Limas s.r.o., Rozrábkareň, Hontianske Nemce","Hontianske
Nemce",Krupina,Banskobystrický,CP,CS,"B, O, P",
6056,Ľubomír Lapin a.s.,Krupina,Krupina,Banskobystrický,CP,"CS, PP, RW","B, O, P","mp, rafg"
6115,Ľubomír Václavík - PASMA,Hriňová,Detva,Banskobystrický,CP,"CS, PP, SH",DU,"mp, rafg"
215,"LUTEUS, s.r.o.",Budča,Zvolen,Banskobystrický,CP,"CP, CS, GHE",O,
6102,M - NOVOMAX - D s.r.o.,Bušince,Veľký Krtíš,Banskobystrický,CP,"CS, PP, SH","B, C, O, P",
4064,"M - TEAM, s.r.o.",Jacovce,Topoľčany,Nitriansky,CP,"CS, PP",DU,"mp, rafg"
20310,"Majster mäsiar, s.r.o.",Hlohovec,Hlohovec,Trnavský,CP,"CS, PP",DU,"mp, rafg"
4016L,"Mangalica farma, s.r.o., so sídlom Pavlov Dvor",Hurbanovo,Komárno,Nitriansky,CP,"CS, PP, SH","B, C, O, P","mp, rafg"
2061,Mária Vrablicová SANBIT,Holíč,Skalica,Trnavský,CP,"CP, CS, SH",DU,
3094,Marián Janík,"Trenčianske
Teplice",Trenčín,Trenčiansky,CP,"CS, PP","A, DU","mp, rafg"
4071,MATEJOV s.r.o.,Zlaté Moravce,"Zlaté
Moravce",Nitriansky,CP,"CP, PP, SH",DU,"mp,  rafg,
st"
2052,"MÄS-COM, a.s., areál RD Častkov",Častkov,Senica,Trnavský,CP,"CS, SH",DU,
8091L,Mäsiarstvo JP,Sobrance,Sobrance,Košický,CP,"CS, SH","B, P",
5093,Mäsiarstvo PM,"Turčianske
Teplice","Turčianské
Teplice",Žilinský,CP,"CP,  CS,  MM,
MP, PP","B, O, P","mp, rafg"
7064,Mäso - Tatry s. r. o.,"Spišská
Teplica",Poprad,Prešovský,CP,"CS,  MM,  MP,
PP","B, P","mp, rafg"
7074,Mäso - údeniny Pavol Pagurko,Prešov,Prešov,Prešovský,CP,CS,DU,
50510,Mäso Liptov s.r.o.,"Liptovský
Hrádok","Liptovský
Mikuláš",Žilinský,CP,"CS, PP, RW",DU,mp
5053,"Mäso Lúžna, s.r.o.","Liptovská
Lúžna",Ružomberok,Žilinský,CP,"CS, PP","B, P","mp, rafg"
4038,"Mäso Melek, s.r.o., Melek 231, 952 01 Melek",Melek,Nitra,Nitriansky,CP,"CS, PP, SH","B, C, O, P, S","mp,  rafg,
st"
5062,"MÄSO PARÍŽEK, s.r.o.",Martin,Martin,Žilinský,CP,PP,DU,"mp, rafg"
8071,"Mäso ZEMPLÍN, a.s.",Michalovce,Michalovce,Košický,CP,"CS, PP, SH",DU,"mp, rafg"
2013,"MÄSOCENTRUM, s.r.o.",Dolný Štál,"Dunajská
Streda",Trnavský,CP,"PP, SH",DU,"mp, rafg"
615,"Mäsokombinát NORD SVIT, s. r. o.",Svit,Poprad,Prešovský,CP,"CS,  MM,  MP,
PP, RW","B, O, P",mp
30712,MäsoPonitrie SK s. r. o.,"Lehotapod
Vtáčnikom",Prievidza,Trenčiansky,CP,"CS, PP",DU,"mp, rafg"
20512,Mäsovinky s.r.o.,Jablonica,Senica,Trnavský,CP,"CS, MM, PP",DU,"mp, rafg"
5065,Mäsovýroba Anton Kozák,Sučany,Martin,Žilinský,CP,"CP,  CS,  MM,
MP, PP","B, O, P","mp, rafg"
51115,Mäsovýroba Bos Taurus,Žilina,Žilina,Žilinský,CP,"CP,  CS,  MM,
MP, PP","B, C, O, P","mp, rafg"
7061,"MÄSOVÝROBA DONČÁK, s. r. o.",Kravany,Poprad,Prešovský,CP,"CS, PP","B, P","mp, rafg"
66,Mäsovýroba Kopčany s. r. o.,Kopčany,Skalica,Trnavský,CP,"CP,CS,MP,
PP, RW","B, P","mp, rafg"
6012,Mäsovýroba Medzibrod,Medzibrod,"Banská
Bystrica",Banskobystrický,CP,"CP, CS, PP","B, O, P","mp, rafg"
22,Mäsovýroba PATA s.r.o.,Pata,Galanta,Trnavský,CP,CS,"B, P",
5064,Mäsovýroba s.r.o.,Sklabiňa,Martin,Žilinský,CP,"CS, PP","B, P","mp, rafg"
7063,MÄSOVÝROBA ŠTEFAN KNIŽKA s.r.o.,Hranovnica,Poprad,Prešovský,CP,"CS,MP,PP,
RW",DU,"mp,
rafg ,"
4059,"Mäsovýroba VEPI, s. r. o.",Šaľa,Šaľa,Nitriansky,CP,"CS, PP, RW",DU,"mp, rafg"
2043,"Mäsovýroba Vrbové, s.r.o.",Vrbové,Piešťany,Trnavský,CP,"CS, PP","B, P","mp, rafg"
51114,Mäsovýrobňa,Višňové,Žilina,Žilinský,CP,"CS, PP",DU,mp
1051,Michal Raninec - MIRAN,Bratislava,Bratislava 5,Bratislavský,CP,"CP, CS, PP",DU,"mp, rafg"
4053,"MIK, s.r.o.",Šaľa,Šaľa,Nitriansky,CP,"CP, CS, PP",DU,"mp, rafg"
5055,"MIKONMIKULÁŠ, s. r. o.","Liptovský
Mikuláš","Liptovský
Mikuláš",Žilinský,CP,"CS, PP",DU,"mp, rafg"
6081,Mikuláš Čupka - M.K.M. mäso REVÚCA,Revúca,Revúca,Banskobystrický,CP,PP,DU,mp
2023,"MINIMETRO, s.r.o.",Malá Mača,Galanta,Trnavský,CP,"CS, SH",B,
4041,MIRAN s.r.o.,Šurany,Nové Zámky,Nitriansky,CP,"CS, PP, SH",P,st
7032,"MIROND, spol. s r.o. Kežmarok",Kežmarok,Kežmarok,Prešovský,CP,"CP,CS,PP,
SH","B, P","mp, rafg"
5076,"MiroslavKubicaMÄSO-UDENINY,Bitúnok,
mäsová výroba",Zákamenné,Námestovo,Žilinský,CP,"CS, PP, SH","B, O","mp,  rafg,"
3078,Miroslav Vrban - TEMPO,"Nitrianske
Rudno",Prievidza,Trenčiansky,CP,"CS, PP",DU,"mp, rafg"
1020,MUDr.Anton Orbán,Bratislava,Bratislava 2,Bratislavský,CP,"CS, GHE, MP,
PP, RW",DU,"mp, rafg"
4069,"MV MARTON, s.r.o.",Továrniky,Topoľčany,Nitriansky,CP,"CP,CS,MP,
PP",DU,"mp, rafg"
4033L,"Národnépoľnohospodárskeapotravinárske
centrum",Lužianky,Nitra,Nitriansky,CP,"CS, SH","B, C, O, P",
20213L,NH FARMA s.r.o.,Čierny Brod,Galanta,Trnavský,CP,"CS, SH",P,
7070,"OB mäsovýroba, s.r.o.",Lemešany,Prešov,Prešovský,CP,"CS, PP",DU,"mp, rafg"
70714L,"Ovčia farma Proč, s.r.o.-Bitúnok a rozrábka dvor
Podhorany",Podhorany,Prešov,Prešovský,CP,SH,"B, C, O, P",
4015L,P.K.S. AGRO FARM s.r.o.,Búč,Komárno,Nitriansky,CP,"CS, SH",P,
1083,Pavol Šišolák,Gajary,Malacky,Bratislavský,CP,"PP, SH","B, P","mp, rafg"
3013,"PD „BREZINA“ PRAVOTICE, družstvo",Pravotice,"Bánovce
nad
Bebravou",Trenčiansky,CP,"CP, CS,  GHE,
PP","B, P","mp, rafg"
8067L,"PD  Čečejovce,  družstvo,  Bitúnok  na  zabíjanie
domácich kopytníkov s malým objemom výroby",Čečejovce,"Košice-
okolie",Košický,CP,"CS, SH",B,
8061L,"PD Klatov, a.s.",Nižný Klátov,"Košice-
okolie",Košický,CP,"CS, SH","B, O",
3054,PEERFECTLY s. r. o.,Partizánske,Partizánske,Trenčiansky,CP,"CS, SH","B, P",
4044,"Peter Bernáth - mäso, údeniny",Nová Vieska,Nové Zámky,Nitriansky,CP,"CS, PP",DU,
5102,Peter Jendrášek,Trstená,Tvrdošín,Žilinský,CP,"CS, MP, PP",DU,"mp, rafg"
2027,Peter Moťovský - Mäso MO-PO,Topoľnica,Galanta,Trnavský,CP,"CS, PP",DU,"mp, rafg"
5063,"Peter  Paleček Predaj  mäsa,mäsových výrobkov
a potravín",Martin,Martin,Žilinský,CP,CS,DU,
2042,Peter Varga - P + E,Piešťany,Piešťany,Trnavský,CP,"CS, PP",DU,"mp, rafg"
2078,Peter Vaško,Brestovany,Trnava,Trnavský,CP,CS,"B, P",
7102,"POĽANA-podielníckedružstvoJarabina,
Mäsiarstvo Jarabina",Jarabina,"Stará
Ľubovňa",Prešovský,CP,"PP, SH",DU,"mp,  rafg,
st"
8102,"Poľnohospodárske družstvo ""Čingov"" Smižany","Spišské
Tomášovce","Spišská
Nová Ves",Košický,CP,"CS, PP, SH",DU,"mp,  rafg,
st"
5061,"Poľnohospodárske  družstvo  ""SNP""  so  sídlom v
Sklabini, okres Martin",Sklabiňa,Martin,Žilinský,CP,PP,DU,"mp, rafg"
3044L,"Poľnohospodárske družstvo Bošáca, Bitúnok",Bošáca,"Nové  Mesto
n.Váhom",Trenčiansky,CP,"CS, SH","B, P",
70715,"Poľnohospodárske družstvo Branisko v Širokom,
Mäsovýroba Hrabkov",Hrabkov,Prešov,Prešovský,CP,"CS, PP","B, C, O, P","mp, rafg"
7077,"Poľnohospodárske družstvo Branisko v Širokom,
Mäsovýroba Hrabkov",Hrabkov,Prešov,Prešovský,CP,"CS, SH","B, C, O, P",
3024L,Poľnohospodárske družstvo Dubnica nad Váhom,"Dubnicanad
Váhom",Ilava,Trenčiansky,CP,CS,"B, P",
2035,Poľnohospodárske družstvo Hlohovec,Hlohovec,Hlohovec,Trnavský,CP,"CS, PP, SH",DU,"mp, rafg"
2041,Poľnohospodárske družstvo Chtelnica,Chtelnica,Piešťany,Trnavský,CP,"CS, PP, SH",DU,"mp, rafg"
5052,"Poľnohospodárske  družstvo  Lisková  -  Sliače,
družstvo",Lisková,Ružomberok,Žilinský,CP,"CS, PP, SH",DU,"mp, rafg"
7067L,Poľnohospodárske družstvo Mlynica,Mlynica,Poprad,Prešovský,CP,"CS, SH","B, P",
4073L,"Poľnohospodárske  družstvo  Neverice,  bitúnok
Velčice",Velčice,"Zlaté
Moravce",Nitriansky,CP,"CS, SH","B, O, P",
7066L,"Poľnohospodárskedružstvopodielnikovv
Spišskej Teplici","Spišská
Teplica",Poprad,Prešovský,CP,"CS, SH","B, P",
5101,Poľnohospodárske družstvo Trsteník,Trstená,Tvrdošín,Žilinský,CP,"CS, SH","B, O, P",
7016L,"Poľnohospodárskepodielnickédružstvo
Bardejov, Bitúnok a rozrábka Gaboltov",Gaboltov,Bardejov,Prešovský,CP,"CS, SH","B, P",
7068L,"Poľnohospodárskepodielnickédružstvo
Liptovská Teplička","Liptovská
Teplička",Poprad,Prešovský,CP,"CS, SH","B, O",
8062L,"Poľnohospodárske  výrobno-obchodné  družstvo
Mokrance",Mokrance,"Košice-
okolie",Košický,CP,"CS, SH","B, P",
61113,POZANA MEAT s.r.o.,Budča,Zvolen,Banskobystrický,CP,"CP, CS, RW","B, O, P",
6118L,"PRI TROCH KAMEŇOCH, družstvo rozrábkareň",Dubové,Zvolen,Banskobystrický,CP,CS,B,
3081,Púchovský mäsový priemysel a.s.Púchov,Púchov,Púchov,Trenčiansky,CP,"CP,CS,MP,
PP","B, C, O, P, S","mp, rafg"
30717,"Putifars.r.o.,Spracovaniezverinyareál
AGROSPOL Diviaky nad Nitricou","Diviakynad
Nitricou",Prievidza,Trenčiansky,CP,"CP, CS,  GHE,
MP, PP","B, P",mp
4034L,"REFKA, s.r.o., bitúnok Mojmírovce",Mojmírovce,Nitra,Nitriansky,CP,"CS, SH","B, P",
8065L,"RenéPavlík,SHR,Bitúnoknazabíjanie
domácich kopytníkov s malým objemom výroby",Nováčany,"Košice-
okolie",Košický,CP,"CS, SH","B, O",
2071,Róbert Gašparík - mäsovýroba s.r.o.,Trnava,Trnava,Trnavský,CP,"CS, PP","A, B, C, O, P,
S",mp
3010,Róbert Šiko - Mäso-údeniny,"Bánovcenad
Bebravou","Bánovce
nad
Bebravou",Trenčiansky,CP,"CP, CS, PP",DU,"mp, rafg"
4072L,Roľnícke družstvo Tekovské Nemce,"Tekovské
Nemce","Zlaté
Moravce",Nitriansky,CP,"CP, CS,  GHE,
SH",B,
7132L,"Roľnícko - obchodné družstvo Ďurďoš, Bitúnok a
rozrábka - Hospodársky dvor Vlača",Vlača,"Vranovnad
Topľou",Prešovský,CP,"CS, SH","B, P",
8116,"Rozrábka a výroba mäsových výrobkov, FBR s. r.
o.","Kráľovský
Chlmec",Trebišov,Košický,CP,"CS, MP, PP",P,"mp, rafg"
40611,"ROZRÁBKA MÄSA A EXPEDÍCIA DELENÉHO
MÄSA","Horné
Chlebany",Topoľčany,Nitriansky,CP,CS,DU,
7134,Rozrábkareň s malým objemom výroby,"Vranovnad
Topľou","Vranovnad
Topľou",Prešovský,CP,"CS, MM",B,
7071,"Ryba Košice s.r.o., rozrábka Lemešany",Lemešany,Prešov,Prešovský,CP,"CS, MM, MP",DU,
7101,SEPP trade. s.r.o.,Stará Ľubovňa,"Stará
Ľubovňa",Prešovský,CP,"CP,CS,PP,
RW, SH","B, C, O, P","mp,  rafg,
st"
7133L,"SHR Pavol Paluba, Ovčí hospodársky dvor Nová
Kelča",Nová Kelča,"Vranovnad
Topľou",Prešovský,CP,CS,"B, O, P",
5054,"SilviaJánošíková-RUDOLFJÁNOŠÍK
MÄSOPRODUKT",Ružomberok,Ružomberok,Žilinský,CP,"CS, PP",DU,"mp, rafg"
5087,Simona Andreidesová - FARMA FÉNIX,Ružomberok,Ružomberok,Žilinský,CP,"CS, PP","B, P","mp, rafg"
5114,"SOBČIAK, spol. s r. o.","Žilina-
Závodie",Žilina,Žilinský,CP,"CS, PP",DU,"mp, rafg"
7013,SOROKA s. r. o.,"Beloveža-
Hažlín",Bardejov,Prešovský,CP,CS,"B, P",
6133L,"SPOL AGRO POČÚVADLO, s.r.o.",Počúvadlo,"Banská
Štiavnica",Banskobystrický,CP,"CS, SH",B,
6066,"SS - GROUPE, s.r.o.",Rapovce,Lučenec,Banskobystrický,CP,"CP, CS,  GHE,
MM, MP, PP","B, C, O, P","mp, rafg"
8101,"Stanica výkrmnosti a jatočnej hodnoty ošípaných,
s.r.o.",Spišské Vlachy,"Spišská
Nová Ves",Košický,CP,"CS, PP, SH",DU,"mp, rafg"
8021L,Supermarket Cassovar s. r. o.,Košice,Košice,Košický,CP,,DU,
3031,SVAMAN spol. s r.o.,Myjava,Myjava,Trenčiansky,CP,"CS, PP, SH","B, P, S","rafg,  bl,
st"
6043L,"Svojpomocné družstvo jednotlivo hospodáriacich
roľníkovvHriňovej,bitúnok,rozrábkareň,
Hriňová - Zánemecká","Hriňová-
Zánemecká",Detva,Banskobystrický,CP,"CS, SH",B,
7072,"ŠAGÁT, spol.s r.o.",Malý Šariš,Prešov,Prešovský,CP,"CS, PP",DU,"mp, rafg"
8114L,"Školskýpoľnohospodárskypodnikn.o.
Zemplínska Teplica, Bitúnok UVLF","Zemplínska
Teplica",Trebišov,Košický,CP,"CS, SH","B, C, O, P",
618,"TAURIS, a.s.","Rimavská
Sobota","Rimavská
Sobota",Banskobystrický,CP,"CS, PP, RW",DU,mp
8064L,"TERRAMARK,  s.  r.  o.,  Bitúnok  na  zabíjanie
domácich kopytníkov s malým objemom výroby",Buzica,"Košice-
okolie",Košický,CP,"CS, SH",B,
4043,Tibor Kovács - K & K mäso,Nová Vieska,Nové Zámky,Nitriansky,CP,"CS, PP",DU,"mp, rafg"
5025L,"TIMEA, s.r.o.",Olešná,Čadca,Žilinský,CP,SH,"B, O, P",
616,"V.M.MARLEX, s.r.o.","Kysucké  Nové
Mesto","Kysucké
Nové Mesto",Žilinský,CP,"CP,CS,MP,
PP, RW",DU,"mp, rafg"
30718,"Viawork.eu, s.r.o.","Diviacka  Nová
Ves",Prievidza,Trenčiansky,CP,"CP,CS,MP,
PP, RW",DU,"mp,  rafg,
st"
68,VIJOFEL plus s. r. o.,Bartošovce,Bardejov,Prešovský,CP,"CS, MP, PP","B, O, P",mp
1080,"VÍNO MATYŠÁK, s.r.o.",Pezinok,Pezinok,Bratislavský,CP,"CP, CS, PP","B, P","mp, rafg"
3077,"VJARSPOL, s.r.o.","Nitrianske
Pravno",Prievidza,Trenčiansky,CP,"PP, SH",DU,"mp, rafg"
6021,Vladimír Stračina MÄSIAR - ÚDENÁR,Banská Belá,"Banská
Štiavnica",Banskobystrický,CP,"CP, CS,  GHE,
PP",DU,"mp, rafg"
8023,"YOPI MARKET, s.r.o.",Košice,Košice,Košický,CP,"CS, RW","B, O, P",
4017L,Zalán Csizmadia - ZALIWAY,Tôň,Komárno,Nitriansky,CP,"CS, SH","C, O, P",
2062,ZELENINÁRI SK s.r.o.,Skalica,Skalica,Trnavský,CP,"CP,  CS,  MM,
RW",DU,
7062,Zuzana Debreová,Svit,Poprad,Prešovský,CP,"CS, SH",B,
8068L,"AGRO - MOLD akciová spoločnosť, Bitúnok na
zabíjaniedomácichkopytníkovsmalým
objemom výroby","Debraď,časť
Hatiny","Košice-
okolie",Košický,GHE,"CP, CS, SH",wU,
3025,"AGROFARMA  spol.  s  r.o.,  018  56  Červený
Kameň, Rozrábanie zveriny","Červený
Kameň",Ilava,Trenčiansky,GHE,"CP, CS",wU,
6064,"AGRO-IPEĽ, spol. s r.o.",Holiša,Lučenec,Banskobystrický,GHE,"CP,CS,PP,
SH",wU,
6044,"AGROSEV, spol. s r.o.",Pstruša,Detva,Banskobystrický,GHE,"CP, CS",wU,
6093L,"AGROTRADE, spol. s r.o.",Veľký Blh,"Rimavská
Sobota",Banskobystrický,GHE,SH,"fG, wU",
5084,"Autocar  Ťažné  zariadenie  s.  r.  o.,  Rozrábka  a
výroba mäsových výrobkov u Ňaňa",Ivachnová,Ružomberok,Žilinský,GHE,"CP, CS, PP","wA,  wG,  wL,
wU","mp, rafg"
3066,"Biely potok, a. s.",Tŕstie,"Považská
Bystrica",Trenčiansky,GHE,"CP,CS,MP,
PP",wU,mp
7105L,Bitúnok a rozrábkareň farma Lomnička,Podolínec,"Stará
Ľubovňa",Prešovský,GHE,"CP, CS, SH",G,
6103L,"Dobrá úroda, s.r.o., Bitúnok",Dačov Lom,Veľký Krtíš,Banskobystrický,GHE,"CP, CS, SH",wU,
2056,Elesko Forest s.r.o.,Plavecký Peter,Senica,Trnavský,GHE,"CP, CS","wG, wL, wU",
4035L,"HSH-V spol. s r. o., farma Dubina",Veľké Zálužie,Nitra,Nitriansky,GHE,"CP, CS, SH","fG, wU",
40510,ITALZVER s.r.o.,Šaľa,Šaľa,Nitriansky,GHE,"CP, CS","wG, wU",
212,"Lesy Slovenskej republiky, štátny podnik","Šajdíkove
Humence",Senica,Trnavský,GHE,,wU,
7-13,"LESY Slovenskej republiky, štátny podnik",Topoľčianky,"Zlaté
Moravce",Nitriansky,GHE,"CP, CS",wU,
215,"LUTEUS, s.r.o.",Budča,Zvolen,Banskobystrický,GHE,"CP, CS",wU,
1020,MUDr.Anton Orbán,Bratislava,Bratislava 2,Bratislavský,GHE,"CP,CS,MP,
PP, RW","wA,  wG,  wL,
wU","mp, rafg"
3013,"PD „BREZINA“ PRAVOTICE, družstvo",Pravotice,"Bánovce
nad
Bebravou",Trenčiansky,GHE,"CP, CS, PP",wU,"mp, rafg"
30717,"Putifars.r.o.,Spracovaniezverinyareál
AGROSPOL Diviaky nad Nitricou","Diviakynad
Nitricou",Prievidza,Trenčiansky,GHE,"CP,CS,MP,
PP",wU,mp
4072L,Roľnícke družstvo Tekovské Nemce,"Tekovské
Nemce","Zlaté
Moravce",Nitriansky,GHE,"CP, CS, SH",wU,
6066,"SS - GROUPE, s.r.o.",Rapovce,Lučenec,Banskobystrický,GHE,"CP,  CS,  MM,
MP, PP","fG,  wA,  wG,
wU","mp, rafg"
8068L,"AGRO -  MOLD  akciová  spoločnosť,  Bitúnok  na
zabíjanie domácich kopytníkov s malým objemom
výroby","Debraď,časť
Hatiny","Košice-
okolie",Košický,CP,"CP,  CS,  GHE,
SH",wU,
8068,"AGRO-MOLD,akciováspoločnosť,
Minimäsovýroba Debraď",Debraď,"Košice-
okolie",Košický,CP,"CP, CS",wU,
3025,"AGROFARMAspol.sr.o.,01856Červený
Kameň, Rozrábanie zveriny","Červený
Kameň",Ilava,Trenčiansky,CP,"CS, GHE",wU,
6064,"AGRO-IPEĽ, spol. s r.o.",Holiša,Lučenec,Banskobystrický,CP,"CP,CS,PP,
SH",wU,
6044,"AGROSEV, spol. s r.o.",Pstruša,Detva,Banskobystrický,CP,"CS, GHE",wU,
6092,"AGROTRADE, spol. s r.o.",Veľký Blh,"Rimavská
Sobota",Banskobystrický,CP,"CP,CS,MP,
PP",wU,mp
3066,"Biely potok, a. s.",Tŕstie,"Považská
Bystrica",Trenčiansky,CP,"CP,  CS,  GHE,
MP, PP",wU,mp
7105L,Bitúnok a rozrábkareň farma Lomnička,Podolínec,"Stará
Ľubovňa",Prešovský,CP,"CP, CS, SH",G,
6103L,"Dobrá úroda, s.r.o., Bitúnok",Dačov Lom,Veľký Krtíš,Banskobystrický,CP,"CP,  CS,  GHE,
SH",wU,
2056,Elesko Forest s.r.o.,Plavecký Peter,Senica,Trnavský,CP,"CS, GHE","wG, wL, wU",
5024,"hamsal, s.r.o.",Čadca,Čadca,Žilinský,CP,"CP, CS, PP","A, DU, wU","mp, rafg"
4035L,"HSH-V spol. s r. o., farma Dubina",Veľké Zálužie,Nitra,Nitriansky,CP,"CP, CS, SH",wU,
40510,ITALZVER s.r.o.,Šaľa,Šaľa,Nitriansky,CP,"CP, CS, GHE","wG, wU",
3045,Jumäs Trade s. r. o.,"NovéMesto
nad Váhom","Nové
Mesto
n.Váhom",Trenčiansky,CP,"CP,CS,MP,
PP, RW","wL, wU","mp, rafg"
8072,"LESY SERVIS, s.r.o., Mäsovýroba Jëger",Lesné,Michalovce,Košický,CP,"CP, CS, PP",wU,mp
7-13,"LESY Slovenskej republiky, štátny podnik",Topoľčianky,"Zlaté
Moravce",Nitriansky,CP,"CS, GHE",wU,
215,"LUTEUS, s.r.o.",Budča,Zvolen,Banskobystrický,CP,"CP, CS, GHE",wU,
66,Mäsovýroba Kopčany s. r. o.,Kopčany,Skalica,Trnavský,CP,"CP,CS,MP,
PP, RW","wA,  wG,  wL,
wU",",mp,
rafg"
6012,Mäsovýroba Medzibrod,Medzibrod,"Banská
Bystrica",Banskobystrický,CP,"CP, CS, PP",wU,"mp, rafg"
1020,MUDr.Anton Orbán,Bratislava,"Bratislava
2",Bratislavský,CP,"CS, GHE,  MP,
PP, RW","wA,  wG,  wL,
wU","mp, rafg"
3013,"PD „BREZINA“ PRAVOTICE, družstvo",Pravotice,"Bánovce
nad
Bebravou",Trenčiansky,CP,"CP,  CS,  GHE,
PP",wU,"mp, rafg"
61113,POZANA MEAT s.r.o.,Budča,Zvolen,Banskobystrický,CP,"CP, CS, RW",wU,
30717,"Putifars.r.o.,Spracovaniezverinyareál
AGROSPOL Diviaky nad Nitricou","Diviakynad
Nitricou",Prievidza,Trenčiansky,CP,"CP,  CS,  GHE,
MP, PP",wU,mp
4072L,Roľnícke družstvo Tekovské Nemce,"Tekovské
Nemce","Zlaté
Moravce",Nitriansky,CP,"CP,  CS,  GHE,
SH",wU,
6066,"SS - GROUPE, s.r.o.",Rapovce,Lučenec,Banskobystrický,CP,"CP,  CS,  GHE,
MM, MP, PP","wA, wG, wU","mp, rafg"
1080,"VÍNO MATYŠÁK, s.r.o.",Pezinok,Pezinok,Bratislavský,CP,"CP, CS, PP",wU,"mp, rafg"
4054,"Cortina Slovakia, s.r.o.",Šaľa,Šaľa,Nitriansky,PP,RW,"B, P",st
624,DANUBIUS spol. s r.o.,Komárno,Komárno,Nitriansky,PP,"CP,CS,PP,
RW, SH","B, P","mp, rafg, st"
3053,"F.N.B., s.r.o.",Partizánske,Partizánske,Trenčiansky,PP,CS,P,st
8010,Ing. Stanislav Marcinek,Gelnica,Gelnica,Košický,PP,"CP,  CS,  MM,
PP, SH","B, P","st, mp, rafg"
26,ISTERMEAT a.s.,"Dunajská
Streda","Dunajská
Streda",Trnavský,PP,"CP,  CS,  MM,
MP, PP, SH","B, P","rafg, st, mp"
4052,"JA-PaG, s.r.o.",Šaľa,Šaľa,Nitriansky,PP,"CS, RW","B, O, P",st
40512,JOLI s. r. o.,Diakovce,Šaľa,Nitriansky,PP,"CS, RW",DU,st
2046,"MADRA, s.r.o.",Kočín,Piešťany,Trnavský,PP,,DU,st
4071,MATEJOV s.r.o.,Zlaté Moravce,"Zlaté
Moravce",Nitriansky,PP,"CP, PP, SH",P,"mp, rafg, st"
4038,"Mäso Melek, s.r.o., Melek 231, 952 01 Melek",Melek,Nitra,Nitriansky,PP,"CP,CS,PP,
SH",P,"mp, rafg, st"
8,Mäspoma spol s.r.o.,Prešov,Prešov,Prešovský,PP,,ALL,st
6090,Mäspoma spol.s r.o.,"Rimavská
Sobota","Rimavská
Sobota",Banskobystrický,PP,,P,st
4041,MIRAN s.r.o.,Šurany,"Nové
Zámky",Nitriansky,PP,"CP, CS, SH",P,st
20101,omran s.r.o.,Lehnice,"Dunajská
Streda",Trnavský,PP,RW,,st
7102,"POĽANA-podielníckedružstvoJarabina,
Mäsiarstvo Jarabina",Jarabina,"Stará
Ľubovňa",Prešovský,PP,"CP, PP, SH","B, O, P","mp, rafg, st"
8102,"Poľnohospodárske družstvo ""Čingov"" Smižany","Spišské
Tomášovce","Spišská
Nová Ves",Košický,PP,"CP,CS,PP,
SH","B, P","mp, rafg, st"
2032,"QUAMREX s. r. o., bitúnok Hlohovec",Hlohovec,Hlohovec,Trnavský,PP,"CS, SH","B, P",st
7101,SEPP trade. s.r.o.,Stará Ľubovňa,"Stará
Ľubovňa",Prešovský,PP,"CP,CS,PP,
RW, SH",P,"mp, rafg, st"
10,SLOV-ITAL spol. s r.o.,Cabaj-Čápor,Nitra,Nitriansky,PP,,"B, P","Pozastavená
st"
3031,SVAMAN spol. s r.o.,Myjava,Myjava,Trenčiansky,PP,"CP,CS,PP,
SH","B, P","bl, rafg, st"
11,T.S.K. spol. s r.o.,Osľany,Prievidza,Trenčiansky,PP,,P,st
4046,„Eko” bitúnok a rozrábkareň,Salka,Nové Zámky,Nitriansky,PP,"CP,CS,PP,
SH",P,"mp, rafg"
8068,"AGRO-MOLD,akciováspoločnosť,
Minimäsovýroba Debraď",Debraď,"Košice-
okolie",Košický,PP,"CS, PP, RW",P,"mp, rafg"
2044,"AGROBAK, spol. s.r.o.",Drahovce,Piešťany,Trnavský,PP,"CP,CS,PP,
SH",P,"mp, rafg"
7107,"AGRO-HNIEZDNE,s.r.o.,prevádzkareň
Hospodársky dvor Forbasy",Forbasy,"Stará
Ľubovňa",Prešovský,PP,"CP,CS,PP,
SH",P,"mp, rafg"
6064,"AGRO-IPEĽ, spol. s r.o.",Holiša,Lučenec,Banskobystrický,PP,"CP, CS,  GHE,
PP, SH",P,"mp, rafg"
2022,AH&MH s.r.o.,Sládkovičovo,Galanta,Trnavský,PP,"CP, CS, PP",P,"mp, rafg"
7020,"ALTHAN, s.r.o.",Humenné,Humenné,Prešovský,PP,"CP, CS, PP",P,"mp, rafg"
2028,Alžbeta Ladovičová,Váhovce,Galanta,Trnavský,PP,"CP, PP",ALL,"mp, rafg"
1086,Alžbeta Matoková - ALMAT,Závod,Malacky,Bratislavský,PP,"CP,CS,PP,
SH",P,"mp, rafg"
7084,Anton Gargalik,Sabinov,Sabinov,Prešovský,PP,"CP, PP",P,"mp, rafg"
5077,Anton Skurčák,"Oravská
Polhora",Námestovo,Žilinský,PP,"CP,  CS,  MM,
MP, PP",P,"mp, rafg"
2012,Arpád Bognár Mäso údeniny,Nový život,"Dunajská
Streda",Trnavský,PP,CP,P,"mp, rafg"
51110,"ATLANTA Žilina 1992, s. r. o.",Žilina,Žilina,Žilinský,PP,"CP,CS,MP,
PP",P,"mp, rafg"
5084,"Autocar  Ťažné  zariadenie  s.  r.  o.,  Rozrábka  a
výroba mäsových výrobkov u Ňaňa",Ivachnová,Ružomberok,Žilinský,PP,"CP, CS,  GHE,
PP",P,"mp, rafg"
50511,"BARTÁNUS-Mäso ÚDENINY, s.r.o.,
MäSOVÝROBA Svätý Kríž,",Svätý Kríž,"Liptovský
Mikuláš",Žilinský,PP,PP,P,"mp, rafg"
70710,BIT STEK s. r. o.,Terňa,Prešov,Prešovský,PP,"CP, CS, PP",DU,"mp, rafg"
5027,"Bitúnok Čadca, s.r.o.",Čadca,Čadca,Žilinský,PP,"CP,  CS,  MM,
MP,  PP,  RW,
SH",P,"mp, rafg"
1089,"BITÚNOK TOMÁŠOV, s.r.o.",Tomášov,Senec,Bratislavský,PP,"CP,CS,PP,
SH",P,"mp, rafg"
8111,"BRUTUS, s.r.o., Trebišov",Trebišov,Trebišov,Košický,PP,"CP,CS,MP,
PP, SH",P,"mp, rafg"
6041,"Bystriansky, s.r.o.",Detva,Detva,Banskobystrický,PP,"CP, CS, PP",P,"mp, rafg"
2057,"COOP Jednota Senica, spotrebné družstvo",Jablonica,Senica,Trnavský,PP,"CP, CS, PP",P,"mp, rafg"
3050,"COOP Jednota Topoľčany, spotrebné družstvo",Chynorany,Partizánske,Trenčiansky,PP,"CP, CS, PP",ALL,"mp, rafg"
8052,"DALTON, spol. s r.o.",Košice,Košice,Košický,PP,"CP,  CS,  MM,
MP,  PP,  RW,
SH",P,"mp, rafg"
624,DANUBIUS spol. s r.o.,Komárno,Komárno,Nitriansky,PP,"CP,CS,PP,
RW, SH",P,"mp,  rafg,
st"
246,DELIKA s.r.o.,Prešov,Prešov,Prešovský,PP,"CS,MP,PP,
RW",P,"mp, rafg"
1041,DELIKATES – Imrich Jurišta,Bratislava,Bratislava 4,Bratislavský,PP,"CP, CS, PP",P,"mp, rafg"
20113,"DUNA-HÚS, s.r.o.",Šamorín,"Dunajská
Streda",Trnavský,PP,"CP, CS, PP",P,"mp, rafg"
6134L,"EKO-Produkt, s.r.o.","Kremnické
Bane","Žiarnad
Hronom",Banskobystrický,PP,"CP,CS,PP,
SH",P,"mp, rafg"
8051,"ERIK, s.r.o.",Košice,Košice,Košický,PP,"CP,  CS,  MM,
MP, PP, RW",P,"mp, rafg"
1065,"EuroGen, spol. s r.o.","Plavecké
Podhradie",Malacky,Bratislavský,PP,"CP, MM, MP",P,rafg
8073,"EXAPRO Energy spol. s r.o., Dobroty od gazdu",Michalovce,Michalovce,Košický,PP,"CS, PP",P,"mp, rafg"
3095,"FALCO, s.r.o.",Trenčín,Trenčín,Trenčiansky,PP,"CP, CS, RW",P,"mp, rafg"
5092,"FARMA Zliechov, spol. s r.o.",Bodorová,"Turčianské
Teplice",Žilinský,PP,"CP, CS, PP",P,"mp, rafg"
2014,FEJES OTTO A SYN s.r.o.,"Blatnána
Ostrove","Dunajská
Streda",Trnavský,PP,"CP,CS,PP,
SH",P,"mp, rafg"
2036,František Lukáčik Mäso údeniny-potraviny,Leopoldov,Hlohovec,Trnavský,PP,"CP, CS, PP",P,"mp, rafg"
8081,"GET group, s.r.o.",Rožňava,Rožňava,Košický,PP,"CP,CS,MP,
PP",P,"mp, rafg"
7104,"GSL - SK, s.r.o.",Stará Ľubovňa,"Stará
Ľubovňa",Prešovský,PP,"CP, CS, PP",P,"mp, rafg"
6114,"Gurman - ZV s. r. o.,",Breziny,Zvolen,Banskobystrický,PP,"CP,CS,PP,
RW",DU,"mp, rafg"
7021,"GVP, spol. s r.o. Humenné",Humenné,Humenné,Prešovský,PP,"CP,CS,MP,
PP, RW",P,"mp, rafg"
5024,"hamsal, s.r.o.",Čadca,Čadca,Žilinský,PP,"CP, CS, PP",P,"mp, rafg"
621,HÔRKA s.r.o.,"Trenčianska
Teplá",Trenčín,Trenčiansky,PP,"CP,CS,MP,
PP",P,"mp, rafg"
70713,HURKA s.r.o.,Prešov,Prešov,Prešovský,PP,"CP,  MM,  MP,
PP",P,"mp, rafg"
7103,HYDINA SK s.r.o.,Nová Ľubovňa,"Stará
Ľubovňa",Prešovský,PP,,P,rafg
4065,Igor Božik IB mäso,Vozokany,Topoľčany,Nitriansky,PP,"CP,  CS,  MM,
PP",P,"mp, rafg"
2029,Imrich Forró,Váhovce,Galanta,Trnavský,PP,"CP, PP",P,"mp, rafg"
4023,Ing. Gabriel Bojko,Pečenice,Levice,Nitriansky,PP,,P,rafg
8010,Ing. Stanislav Marcinek,Gelnica,Gelnica,Košický,PP,"CP,  CS,  MM,
PP, SH",P,"mp,  rafg,
st"
26,ISTERMEAT a.s.,"Dunajská
Streda","Dunajská
Streda",Trnavský,PP,"CP,  CS,  MM,
MP, PP, SH","B, P","rafg,  st,
mp"
3092,"Jakub Ilavský, s. r. o.",Trenčín,Trenčín,Trenčiansky,PP,"CP,CS,MP,
PP, RW",P,"mp, rafg"
6101,Ján Drugda,Veľký Krtíš,Veľký Krtíš,Banskobystrický,PP,"CP, MP, PP",P,"rafg, mp"
7124,Ján Varga – MÄSO ESO,Stropkov,Stropkov,Prešovský,PP,"CP, CS, PP",P,"mp, rafg"
3079,"Jaroslav Páleš Mäsovýroba „Zlatý býk""",Bojnice,Prievidza,Trenčiansky,PP,"CP, CS, PP",P,"mp, rafg"
7076,Jaroslav Petruš - Kropet,Veľký Šariš,Prešov,Prešovský,PP,"CP, CS, PP",P,"mp, rafg"
671,"JAV - AKC, spoločnosť s ručením obmedzeným,
Strediskodestiláciea  rafinácietukov,Veľká
Farma",Vlčany,Šaľa,Nitriansky,PP,,"A, B, P",rafg
67,"JAV-AKC, spoločnosť s ručením obmedzeným",Neded,Šaľa,Nitriansky,PP,,"B, P",rafg
613,"JINEX, s.r.o.",Žilina,Žilina,Žilinský,PP,"CP,CS,MP,
PP",P,"mp, rafg"
5118,Jozef Machciník MAJOVEY,Žilina - Bánová,Žilina,Žilinský,PP,"CP, CS, PP",ALL,"mp, rafg"
3045,Jumäs Trade s. r. o.,"NovéMesto
nad Váhom","Nové  Mesto
n.Váhom",Trenčiansky,PP,"CP,CS,MP,
PP, RW",P,"mp, rafg"
4055,K&T mäso spol. s r. o.,Tešedíkovo,Šaľa,Nitriansky,PP,"CP, CS, PP",P,"mp, rafg"
3096,"Lacnea Slovakia, s. r. o.",Trenčín,Trenčín,Trenčiansky,PP,"CP,CS,MP,
PP, RW",P,"mp, rafg"
7041,Ladislav Kočík,Studenec,Levoča,Prešovský,PP,"CP,CS,PP,
SH",P,"mp, rafg,"
3097,LAPREMA Trnava s.r.o.,Trenčín,Trenčín,Trenčiansky,PP,"CP,CS,MP,
MSM, PP, RW",P,"mp, rafg"
5058,LIPTOV FOOD s. r. o.,Uhorská Ves,"Liptovský
Mikuláš",Žilinský,PP,"CS, PP",P,"mp, rafg"
6056,Ľubomír Lapin a.s.,Krupina,Krupina,Banskobystrický,PP,"CP,CS,PP,
RW",P,"mp, rafg"
6115,Ľubomír Václavík - PASMA,Hriňová,Detva,Banskobystrický,PP,"CP,CS,PP,
SH",P,"mp, rafg"
6102,M - NOVOMAX - D s.r.o.,Bušince,Veľký Krtíš,Banskobystrický,PP,"CP, CS, SH",P,rafg
4064,"M - TEAM, s.r.o.",Jacovce,Topoľčany,Nitriansky,PP,"CP, CS, PP",P,"mp, rafg"
20310,"Majster mäsiar, s.r.o.",Hlohovec,Hlohovec,Trnavský,PP,"CP, CS, PP",P,"mp, rafg"
4016L,"Mangalica farma, s.r.o., so sídlom Pavlov Dvor",Hurbanovo,Komárno,Nitriansky,PP,"CP,CS,PP,
SH",P,"mp, rafg"
7023,"MáriaJancuskováMÄSOÚDENINY,
MÄSOVÝROBA REBEJ","Modranad
Cirochou",Humenné,Prešovský,PP,CS,P,"mp, rafg"
3094,Marián Janík,"Trenčianske
Teplice",Trenčín,Trenčiansky,PP,"CP, CS",P,"mp, rafg"
5071,Martin Homola,"Oravská
Jasenica",Námestovo,Žilinský,PP,,P,rafg
4071,MATEJOV s.r.o.,Zlaté Moravce,"Zlaté
Moravce",Nitriansky,PP,"CP, PP, SH",P,"mp,  rafg,
st"
5093,Mäsiarstvo PM,"Turčianske
Teplice","Turčianské
Teplice",Žilinský,PP,"CP,  CS,  MM,
MP, PP",P,"mp, rafg"
7064,Mäso - Tatry s. r. o.,"Spišská
Teplica",Poprad,Prešovský,PP,"CP,  CS,  MM,
MP, PP","B, P","mp, rafg"
5053,"Mäso Lúžna, s.r.o.","Liptovská
Lúžna",Ružomberok,Žilinský,PP,"CP, CS, PP",P,"mp, rafg"
4038,"Mäso Melek, s.r.o., Melek 231, 952 01 Melek",Melek,Nitra,Nitriansky,PP,"CP,CS,PP,
SH",P,"mp,  rafg,
st"
5062,"MÄSO PARÍŽEK, s.r.o.",Martin,Martin,Žilinský,PP,"CP, PP",P,"mp, rafg"
8071,"Mäso ZEMPLÍN, a.s.",Michalovce,Michalovce,Košický,PP,"CP,CS,PP,
SH",P,"mp, rafg"
2013,"MÄSOCENTRUM, s.r.o.",Dolný Štál,"Dunajská
Streda",Trnavský,PP,"CP, PP, SH",P,"mp, rafg"
20512,Mäsovinky s.r.o.,Jablonica,Senica,Trnavský,PP,"CP,  CS,  MM,
PP",P,"mp, rafg"
5065,Mäsovýroba Anton Kozák,Sučany,Martin,Žilinský,PP,"CP,  CS,  MM,
MP, PP",P,"mp, rafg"
51115,Mäsovýroba Bos Taurus,Žilina,Žilina,Žilinský,PP,"CP,  CS,  MM,
MP, PP",P,"mp, rafg"
7061,"MÄSOVÝROBA DONČÁK, s. r. o.",Kravany,Poprad,Prešovský,PP,"CP, CS, PP",P,"rafg, mp"
66,Mäsovýroba Kopčany s. r. o.,Kopčany,Skalica,Trnavský,PP,"CP,CS,MP,
PP, RW","P, R","mp, rafg"
6012,Mäsovýroba Medzibrod,Medzibrod,"Banská
Bystrica",Banskobystrický,PP,"CP, CS, PP",P,"mp, rafg"
4057,"Mäsovýroba PATA s.r.o., Prevádzkareň Močenok",Močenok,Šaľa,Nitriansky,PP,"CS, PP",P,"mp, rafg"
5064,Mäsovýroba s.r.o.,Sklabiňa,Martin,Žilinský,PP,"CP, CS, PP",P,"mp, rafg"
7063,MÄSOVÝROBA ŠTEFAN KNIŽKA s.r.o.,Hranovnica,Poprad,Prešovský,PP,"CP,CS,MP,
PP, RW",P,"mp,
rafg ,"
4059,"Mäsovýroba VEPI, s. r. o.",Šaľa,Šaľa,Nitriansky,PP,"CP,CS,PP,
RW",P,"mp, rafg"
2043,"Mäsovýroba Vrbové, s.r.o.",Vrbové,Piešťany,Trnavský,PP,"CP, CS, PP",P,"mp, rafg"
1051,Michal Raninec - MIRAN,Bratislava,Bratislava 5,Bratislavský,PP,"CP, CS, PP",P,"mp, rafg"
4053,"MIK, s.r.o.",Šaľa,Šaľa,Nitriansky,PP,"CP, CS, PP",P,"mp, rafg"
5055,"MIKONMIKULÁŠ, s. r. o.","Liptovský
Mikuláš","Liptovský
Mikuláš",Žilinský,PP,"CP, CS, PP",P,"mp, rafg"
7032,"MIROND, spol. s r.o. Kežmarok",Kežmarok,Kežmarok,Prešovský,PP,"CP,CS,PP,
SH",P,"mp, rafg"
5076,"MiroslavKubicaMÄSO-UDENINY,Bitúnok,
mäsová výroba",Zákamenné,Námestovo,Žilinský,PP,"CP,CS,PP,
SH",P,"mp, rafg,"
3078,Miroslav Vrban - TEMPO,"Nitrianske
Rudno",Prievidza,Trenčiansky,PP,"CP, CS, PP",P,"mp, rafg"
1020,MUDr.Anton Orbán,Bratislava,Bratislava 2,Bratislavský,PP,"CP, CS,  GHE,
PP, RW",P,"mp, rafg"
4069,"MV MARTON, s.r.o.",Továrniky,Topoľčany,Nitriansky,PP,"CP,CS,MP,
PP",P,"mp, rafg"
7075,MVDr. Róbert Lukačko - ŠKVARENIE MASTI,Prešov,Prešov,Prešovský,PP,,P,rafg
7070,"OB mäsovýroba, s.r.o.",Lemešany,Prešov,Prešovský,PP,"CP, CS, PP",P,"rafg, mp"
1083,Pavol Šišolák,Gajary,Malacky,Bratislavský,PP,"CP, PP, SH",ALL,"mp, rafg"
3013,"PD „BREZINA“ PRAVOTICE, družstvo",Pravotice,"Bánovce
nad
Bebravou",Trenčiansky,PP,"CP, CS,  GHE,
PP",P,"mp, rafg"
4044,"Peter Bernáth - mäso, údeniny",Nová Vieska,Nové Zámky,Nitriansky,PP,"CP, CS, PP",P,"mp, rafg"
5102,Peter Jendrášek,Trstená,Tvrdošín,Žilinský,PP,"CP,CS,MP,
PP",P,"mp, rafg"
2027,Peter Moťovský - Mäso MO-PO,Topoľnica,Galanta,Trnavský,PP,"CP, CS, PP",DU,"mp, rafg"
2042,Peter Varga - P + E,Piešťany,Piešťany,Trnavský,PP,"CP, CS, PP",DU,"mp, rafg"
2077,Peter Vaško,Brestovany,Trnava,Trnavský,PP,PP,P,"mp, rafg"
295,"Pivnica u zlatej husi,s.r.o.","Slovenský
Grob",Pezinok,Bratislavský,PP,"CP, CS",A,rafg
7102,"POĽANA-podielníckedružstvoJarabina,
Mäsiarstvo Jarabina",Jarabina,"Stará
Ľubovňa",Prešovský,PP,"CP, PP, SH",P,"mp,  rafg,
st"
8102,"Poľnohospodárske družstvo ""Čingov"" Smižany","Spišské
Tomášovce","Spišská
Nová Ves",Košický,PP,"CP,CS,PP,
SH",P,"mp,  rafg,
st"
5061,"Poľnohospodárske  družstvo  ""SNP"" so  sídlom v
Sklabini, okres Martin",Sklabiňa,Martin,Žilinský,PP,"CP, PP",P,"mp, rafg"
3023,Poľnohospodárske družstvo Bolešov,Bolešov,Ilava,Trenčiansky,PP,"CS, PP",P,"mp, rafg"
70715,"Poľnohospodárske družstvo Branisko v Širokom,
Mäsovýroba Hrabkov",Hrabkov,Prešov,Prešovský,PP,"CP, CS, PP",P,"mp, rafg"
2035,Poľnohospodárske družstvo Hlohovec,Hlohovec,Hlohovec,Trnavský,PP,"CP,CS,PP,
SH",P,"mp, rafg"
2041,Poľnohospodárske družstvo Chtelnica,Chtelnica,Piešťany,Trnavský,PP,"CP,CS,PP,
SH",P,"mp, rafg"
5052,"Poľnohospodárske  družstvo  Lisková  -  Sliače,
družstvo",Lisková,Ružomberok,Žilinský,PP,"CP,CS,PP,
SH",P,"mp, rafg"
61115,POZANA MEAT s.r.o.,Zvolen,Zvolen,Banskobystrický,PP,"CS, PP",P,"rafg, mp"
3084,PÚCHOVSKÝ GAZDA s.r.o.,Púchov,Púchov,Trenčiansky,PP,"CS, MP, PP",P,"mp, rafg"
3081,Púchovský mäsový priemysel a.s.Púchov,Púchov,Púchov,Trenčiansky,PP,"CP,CS,MP,
PP",P,"mp, rafg"
4036,"REFKA, s.r.o., bitúnok Mojmírovce",Mojmírovce,Nitra,Nitriansky,PP,"CS, PP",P,"mp, rafg"
3010,Róbert Šiko - Mäso-údeniny,"Bánovcenad
Bebravou","Bánovce
nad
Bebravou",Trenčiansky,PP,"CP, CS, PP",P,"mp, rafg"
8116,"Rozrábka a výroba mäsových výrobkov, FBR s. r.
o.","Kráľovský
Chlmec",Trebišov,Košický,PP,"CP,CS,MP,
PP",P,"mp, rafg"
7101,SEPP trade. s.r.o.,Stará Ľubovňa,"Stará
Ľubovňa",Prešovský,PP,"CP,CS,PP,
RW, SH",P,"mp,  rafg,
st"
5054,"SilviaJánošíková-RUDOLFJÁNOŠÍK
MÄSOPRODUKT",Ružomberok,Ružomberok,Žilinský,PP,"CP, CS, PP",P,"mp, rafg"
5087,Simona Andreidesová - FARMA FÉNIX,Ružomberok,Ružomberok,Žilinský,PP,"CP, CS, PP",P,"mp, rafg"
5114,"SOBČIAK, spol. s r. o.","Žilina-
Závodie",Žilina,Žilinský,PP,"CP, CS, PP",P,"mp, rafg"
6066,"SS - GROUPE, s.r.o.",Rapovce,Lučenec,Banskobystrický,PP,"CP, CS,  GHE,
MM, MP, PP",P,"mp, rafg"
8101,"Stanica výkrmnosti a jatočnej hodnoty ošípaných,
s.r.o.","Spišské
Vlachy","Spišská
Nová Ves",Košický,PP,"CP,CS,PP,
SH",P,"mp, rafg"
3031,SVAMAN spol. s r.o.,Myjava,Myjava,Trenčiansky,PP,"CP, CS, SH",P,"rafg,  bl,,
st"
7072,"ŠAGÁT, spol.s r.o.",Malý Šariš,Prešov,Prešovský,PP,"CP, CS",P,"mp, rafg"
4043,Tibor Kovács - K & K mäso,Nová Vieska,Nové Zámky,Nitriansky,PP,"CP, CS, PP",P,"mp, rafg"
616,"V.M.MARLEX, s.r.o.","Kysucké  Nové
Mesto","Kysucké
Nové Mesto",Žilinský,PP,"CP,CS,MP,
PP, RW",P,"mp, rafg"
30718,"Viawork.eu, s.r.o.","Diviacka  Nová
Ves",Prievidza,Trenčiansky,PP,"CP,CS,MP,
PP, RW",P,"mp,  rafg,
st"
1080,"VÍNO MATYŠÁK, s.r.o.",Pezinok,Pezinok,Bratislavský,PP,"CP, CS, PP",P,"mp, rafg"
3077,"VJARSPOL, s.r.o.","Nitrianske
Pravno",Prievidza,Trenčiansky,PP,"CP, PP, SH",P,"mp, rafg"
6021,Vladimír Stračina MÄSIAR - ÚDENÁR,Banská Belá,"Banská
Štiavnica",Banskobystrický,PP,"CP, CS,  GHE,
PP",P,"mp, rafg"
5077,Anton Skurčák,"Oravská
Polhora",Námestovo,Žilinský,MM,"CP,CS,MP,
PP","B, P","mp, rafg"
1060,"Berto sk, s. r. o.","Vysokápri
Morave",Malacky,Bratislavský,MM,"CP,CS,MP,
PP, RW",DU,mp
5027,"Bitúnok Čadca, s.r.o.",Čadca,Čadca,Žilinský,MM,"CP,CS,MP,
PP, RW, SH","A, DU","mp, rafg"
612,CIMBAĽÁK s.r.o.,Bardejov,Bardejov,Prešovský,MM,"CP,CS,MP,
PP","B, P",mp
8052,"DALTON, spol. s r.o.",Košice,Košice,Košický,MM,"CP,CS,MP,
PP, RW, SH","B, P","mp, rafg"
3065,"EKORAJ Ďurďové,  s.r.o.,  Mäsová  výroba,  farma
Ďurďové",Ďurďové,"Považská
Bystrica",Trenčiansky,MM,"CS, PP",B,mp
8051,"ERIK, s.r.o.",Košice,Košice,Košický,MM,"CP,CS,MP,
PP, RW","B, P","mp, rafg"
1065,"EuroGen, spol. s r.o.","Plavecké
Podhradie",Malacky,Bratislavský,MM,"CP,CS,MP,
PP","A, B, fG, L, P",mp
1063L,"GGH, s. r. o.",Kuchyňa,Malacky,Bratislavský,MM,"CP, CS, SH",B,
136,"H S H, spoločnosť s ručením obmedzeným",Veľké Zálužie,Nitra,Nitriansky,MM,"CP,CS,MP,
MSM, PP, SH","A,  L, wA, wL,
wU",mp
70713,HURKA s.r.o.,Prešov,Prešov,Prešovský,MM,"CP, MP, PP",DU,"mp, rafg"
198,HYDINA KUBUS s. r. o.,Veľký Slavkov,Poprad,Prešovský,MM,"CP,CS,RW,
SH",A,
7037,"HYDINA SK s. r. o., Rozrábkareň mäsa domácich
kopytníkov",Kežmarok,Kežmarok,Prešovský,MM,"CP,CS,MP,
RW",P,
4065,Igor Božik IB mäso,Vozokany,Topoľčany,Nitriansky,MM,"CP, CS, PP",P,"mp, rafg"
61111,"Ing. Peter Badiar - BONUM, bitúnok, rozrábkareň",Budča,Zvolen,Banskobystrický,MM,"CP,CS,MP,
SH",B,
8010,Ing. Stanislav Marcinek,Gelnica,Gelnica,Košický,MM,"CP,CS,PP,
SH","B, P","st,mp,
rafg"
26,ISTERMEAT a.s.,"Dunajská
Streda","Dunajská
Streda",Trnavský,MM,"CP,CS,MP,
PP, SH","B, P","rafg,  st,
mp"
5093,Mäsiarstvo PM,"Turčianske
Teplice","Turčianské
Teplice",Žilinský,MM,"CP,CS,MP,
PP","B, P","mp, rafg"
7064,Mäso - Tatry s. r. o.,"Spišská
Teplica",Poprad,Prešovský,MM,"CP,CS,MP,
PP","B, P","mp, rafg"
615,"Mäsokombinát NORD SVIT, s. r. o.",Svit,Poprad,Prešovský,MM,"CP,CS,MP,
PP, RW","B, P",mp
20512,Mäsovinky s.r.o.,Jablonica,Senica,Trnavský,MM,"CP, CS, PP",DU,"mp, rafg"
5065,Mäsovýroba Anton Kozák,Sučany,Martin,Žilinský,MM,"CP,CS,MP,
PP","A, B, O, P","mp, rafg"
51115,Mäsovýroba Bos Taurus,Žilina,Žilina,Žilinský,MM,"CP,CS,MP,
PP","B, P","mp, rafg"
7134,Rozrábkareň s malým objemom výroby,"Vranovnad
Topľou","Vranov
nad Topľou",Prešovský,MM,"CP, CS",B,
7071,"Ryba Košice s.r.o., rozrábka Lemešany",Lemešany,Prešov,Prešovský,MM,"CP, CS, MP",DU,
281,"Spiš Market, spol. s r. o.","Spišská  Nová
Ves","Spišská
Nová Ves",Košický,MM,"CS, MP, RW","A, B, P",
6066,"SS - GROUPE, s.r.o.",Rapovce,Lučenec,Banskobystrický,MM,"CP,  CS,  GHE,
MP, PP","B, C, fG, O, P,
wG, wU","mp, rafg"
8106,"TAURIS, a.s., prevádzkareň MäsoSpiš","Spišská  Nová
Ves","Spišská
Nová Ves",Košický,MM,"CS, MP, PP","A, B, P",mp
6092,"AGROTRADE, spol. s r.o.",Veľký Blh,"Rimavská
Sobota",Banskobystrický,MP,"CP, CS, PP",DU,mp
5077,Anton Skurčák,"Oravská
Polhora",Námestovo,Žilinský,MP,"CP,  CS,  MM,
PP","B, P","mp, rafg"
51110,"ATLANTA Žilina 1992, s. r. o.",Žilina,Žilina,Žilinský,MP,"CP, CS, PP",DU,"mp, rafg"
1060,"Berto sk, s. r. o.","Vysokápri
Morave",Malacky,Bratislavský,MP,"CP,  CS,  MM,
PP, RW",DU,mp
3066,"Biely potok, a. s.",Tŕstie,"Považská
Bystrica",Trenčiansky,MP,"CP,  CS,  GHE,
PP","B, wU",mp
5027,"Bitúnok Čadca, s.r.o.",Čadca,Čadca,Žilinský,MP,"CP,  CS,  MM,
PP, RW, SH","A, DU","mp, rafg"
8111,"BRUTUS, s.r.o., Trebišov",Trebišov,Trebišov,Košický,MP,"CP,CS,PP,
SH","B, O, P","mp, rafg"
612,CIMBAĽÁK s.r.o.,Bardejov,Bardejov,Prešovský,MP,"CP,  CS,  MM,
PP","B, P",mp
8052,"DALTON, spol. s r.o.",Košice,Košice,Košický,MP,"CP,  CS,  MM,
PP, RW, SH","B, P","mp, rafg"
10018,DEVRAN s.r.o.,Matúškovo,Galanta,Trnavský,MP,"CP, CS",A,
8051,"ERIK, s.r.o.",Košice,Košice,Košický,MP,"CP,  CS,  MM,
PP, RW",DU,"mp, rafg"
1065,"EuroGen, spol. s r.o.","Plavecké
Podhradie",Malacky,Bratislavský,MP,"CP,  CS,  MM,
PP","A, B, fG, L, P",mp
80610,Food industry plus s.r.o.,Ploské,"Košice-
okolie",Košický,MP,"CS, PP","A, B, P",mp
8081,"GET group, s.r.o.",Rožňava,Rožňava,Košický,MP,"CP, CS, PP","B, O, P","mp, rafg"
8069,"Globaltrading Slovakia, s. r. o.",Rozhanovce,"Košice-
okolie",Košický,MP,"CP, CS, MSM,
RW","A, DU",
6131,"GROTTO, a.s.","Bartošova
Lehôtka","Žiarnad
Hronom",Banskobystrický,MP,"CS, PP, RW","A, B, P",mp
7021,"GVP, spol. s r.o. Humenné",Humenné,Humenné,Prešovský,MP,"CP,CS,PP,
RW","A, DU","mp, rafg"
136,"H S H, spoločnosť s ručením obmedzeným",Veľké Zálužie,Nitra,Nitriansky,MP,"CP,  CS,  MM,
MSM, PP, SH","A,  B,  L, P,  S,
wG",mp
10096,"Henrich  Przybylek,  Príprava  chladenej  hydiny  -
výroba hydinových mäsových prípravkov",Udiča,"Považská
Bystrica",Trenčiansky,MP,CS,A,
635,"HO&PE FAMILY, s.r.o.",Poprad,Poprad,Prešovský,MP,"CP,CS,PP,
RW","A, DU",mp
621,HÔRKA s.r.o.,"Trenčianska
Teplá",Trenčín,Trenčiansky,MP,"CP, CS, PP","A, B, P","mp, rafg"
70713,HURKA s.r.o.,Prešov,Prešov,Prešovský,MP,"CP, MM, PP",DU,"mp, rafg"
2017,"Hydina PIERKO, s.r.o.","Dunajská
Streda","Dunajská
Streda",Trnavský,MP,"CP, CS",A,
7037,"HYDINA SK s. r. o., Rozrábkareň mäsa domácich
kopytníkov",Kežmarok,Kežmarok,Prešovský,MP,"CP,  CS,  MM,
RW",P,
301,HYDINA SLOVENSKO s.r.o.,Košice,Košice,Košický,MP,"CP, CS, MSM,
SH",A,
106,HYZA. a.s.,Topoľčany,Topoľčany,Nitriansky,MP,"CP, CS, MSM,
PP, RW, SH",A,mp
61111,"Ing. Peter Badiar - BONUM, bitúnok, rozrábkareň",Budča,Zvolen,Banskobystrický,MP,"CP,  CS,  MM,
SH",B,
26,ISTERMEAT a.s.,"Dunajská
Streda","Dunajská
Streda",Trnavský,MP,"CP,  CS,  MM,
PP, SH","B, P","rafg,  st,
mp"
3092,"Jakub Ilavský, s. r. o.",Trenčín,Trenčín,Trenčiansky,MP,"CP,CS,PP,
RW",P,"mp, rafg"
6101,Ján Drugda,Veľký Krtíš,Veľký Krtíš,Banskobystrický,MP,"CP, PP",DU,"rafg, mp"
613,"JINEX, s.r.o.",Žilina,Žilina,Žilinský,MP,"CP, CS, PP","B, P","mp, rafg"
3045,Jumäs Trade s. r. o.,"NovéMesto
nad Váhom","Nové
Mesto
n.Váhom",Trenčiansky,MP,"CP,CS,PP,
RW","A, B, C, fG, O,
P,  R,  S,  wL,
wU","mp, rafg"
150,KUPEX spol. s r.o.,Voderady,Trnava,Trnavský,MP,"CP, CS, PP","A, P",mp
3096,"Lacnea Slovakia, s. r. o.",Trenčín,Trenčín,Trenčiansky,MP,"CP,CS,PP,
RW","A, DU","mp, rafg"
3097,LAPREMA Trnava s.r.o.,Trenčín,Trenčín,Trenčiansky,MP,"CP, CS, MSM,
PP, RW","A, B, P","mp, rafg"
5093,Mäsiarstvo PM,"Turčianske
Teplice","Turčianské
Teplice",Žilinský,MP,"CP,  CS,  MM,
PP","B, P","mp, rafg"
7064,Mäso - Tatry s. r. o.,"Spišská
Teplica",Poprad,Prešovský,MP,"CP,  CS,  MM,
PP","B, O","mp, rafg"
615,"Mäsokombinát NORD SVIT, s. r. o.",Svit,Poprad,Prešovský,MP,"CP,  CS,  MM,
PP, RW","B, P",mp
5065,Mäsovýroba Anton Kozák,Sučany,Martin,Žilinský,MP,"CP,  CS,  MM,
PP","A, B, O, P","mp, rafg"
51115,Mäsovýroba Bos Taurus,Žilina,Žilina,Žilinský,MP,"CP,  CS,  MM,
PP","B, P","mp, rafg"
66,Mäsovýroba Kopčany s. r. o.,Kopčany,Skalica,Trnavský,MP,"CP,CS,PP,
RW","B, C, O, P, S","mp, rafg"
7063,MÄSOVÝROBA ŠTEFAN KNIŽKA s.r.o.,Hranovnica,Poprad,Prešovský,MP,"CP,CS,PP,
RW","B, P","mp,
rafg ,"
5079,Mgr.Ing. Andrzej Janowiak,Hruštín,Námestovo,Žilinský,MP,PP,ALL,mp
1020,MUDr.Anton Orbán,Bratislava,"Bratislava
2",Bratislavský,MP,"CP,  CS,  GHE,
PP, RW",ALL,"mp, rafg"
5102,Peter Jendrášek,Trstená,Tvrdošín,Žilinský,MP,"CP, CS, PP",DU,"mp, rafg"
134,"Podtatranská hydina, a.s.",Kežmarok,Kežmarok,Prešovský,MP,"CP, CS, MSM,
PP, RW","A, DU","mp,"
61114,POZANA MEAT s.r.o.,Zvolen,Zvolen,Banskobystrický,MP,"CS, PP, RW","A, B, P",mp
3084,PÚCHOVSKÝ GAZDA s.r.o.,Púchov,Púchov,Trenčiansky,MP,"CS, PP",ALL,"mp, rafg"
3081,Púchovský mäsový priemysel a.s.Púchov,Púchov,Púchov,Trenčiansky,MP,"CP, CS, PP","A, DU","mp, rafg"
30717,"Putifars.r.o.,Spracovaniezverinyareál
AGROSPOL Diviaky nad Nitricou","Diviakynad
Nitricou",Prievidza,Trenčiansky,MP,"CP,  CS,  GHE,
PP","A, B, P",mp
8116,"Rozrábka a výroba mäsových výrobkov, FBR s. r.
o.","Kráľovský
Chlmec",Trebišov,Košický,MP,"CP, CS, PP",P,"mp, rafg"
7071,"Ryba Košice s.r.o., rozrábka Lemešany",Lemešany,Prešov,Prešovský,MP,"CP, CS, MM",DU,
281,"Spiš Market, spol. s r. o.","SpišskáNová
Ves","Spišská
Nová Ves",Košický,MP,"CS, MM, RW","A, B, P",
6066,"SS - GROUPE, s.r.o.",Rapovce,Lučenec,Banskobystrický,MP,"CP,  CS,  GHE,
MM, PP","B, C, fG, O, P,
wG, wU","mp, rafg"
630,SVAMAN spol. s r.o.,Myjava,Myjava,Trenčiansky,MP,"CS, PP",ALL,mp
8106,"TAURIS, a.s., prevádzkareň MäsoSpiš","SpišskáNová
Ves","Spišská
Nová Ves",Košický,MP,"CS, MM, PP","A, B, P",mp
616,"V.M.MARLEX, s.r.o.","Kysucké  Nové
Mesto","Kysucké
Nové
Mesto",Žilinský,MP,"CP,CS,PP,
RW","A, DU","mp, rafg"
30718,"Viawork.eu, s.r.o.","Diviacka  Nová
Ves",Prievidza,Trenčiansky,MP,"CP,CS,PP,
RW","A, DU","mp,  rafg,
st"
68,VIJOFEL plus s. r. o.,Bartošovce,Bardejov,Prešovský,MP,"CP, CS, PP",DU,mp
8069,"Globaltrading Slovakia, s. r. o.",Rozhanovce,"Košice-
okolie",Košický,MSM,"CP,CS,MP,
RW",A,
136,"H S H, spoločnosť s ručením obmedzeným",Veľké Zálužie,Nitra,Nitriansky,MSM,"CP,CS,MM,
MP, PP, SH",A,mp
301,HYDINA SLOVENSKO s.r.o.,Košice,Košice,Košický,MSM,"CP,CS,MP,
SH",A,
106,HYZA. a.s.,Topoľčany,Topoľčany,Nitriansky,MSM,"CP,CS,MP,
PP, RW, SH",A,mp
3097,LAPREMA Trnava s.r.o.,Trenčín,Trenčín,Trenčiansky,MSM,"CP,CS,MP,
PP, RW",P,"mp, rafg"
4046,„Eko” bitúnok a rozrábkareň,Salka,Nové Zámky,Nitriansky,PP,"CP,CS,PP,
SH","B, P","mp, rafg"
2044,"AGROBAK, spol. s.r.o.",Drahovce,Piešťany,Trnavský,PP,"CP,CS,PP,
SH",DU,"mp, rafg"
7107,"AGRO-HNIEZDNE,s.r.o.,prevádzkareň
Hospodársky dvor Forbasy",Forbasy,"Stará
Ľubovňa",Prešovský,PP,"CP,CS,PP,
SH","B, C, O, P","mp, rafg"
6064,"AGRO-IPEĽ, spol. s r.o.",Holiša,Lučenec,Banskobystrický,PP,"CP, CS,  GHE,
PP, SH","B, O, P, wU","mp, rafg"
6092,"AGROTRADE, spol. s r.o.",Veľký Blh,"Rimavská
Sobota",Banskobystrický,PP,"CP, CS, MP",DU,mp
2022,AH&MH s.r.o.,Sládkovičovo,Galanta,Trnavský,PP,"CP, CS, PP",DU,"mp, rafg"
7020,"ALTHAN, s.r.o.",Humenné,Humenné,Prešovský,PP,"CP, CS, PP","A, DU","mp, rafg"
2028,Alžbeta Ladovičová,Váhovce,Galanta,Trnavský,PP,"CP, PP",ALL,"mp, rafg"
1086,Alžbeta Matoková - ALMAT,Závod,Malacky,Bratislavský,PP,"CP,CS,PP,
SH",DU,"mp, rafg"
7084,Anton Gargalik,Sabinov,Sabinov,Prešovský,PP,"CP, PP",ALL,"mp, rafg"
7082,"Anton Kollár, Mäsovýroba Tony",Jarovnice,Sabinov,Prešovský,PP,"CP, CS",DU,mp
5077,Anton Skurčák,"Oravská
Polhora",Námestovo,Žilinský,PP,"CP,  CS,  MM,
MP, PP","B, P","mp, rafg"
1081,Arpád Albert Bitúnok Senec,Senec,Senec,Bratislavský,PP,"CP, SH",ALL,mp
2012,Arpád Bognár Mäso údeniny,Nový život,"Dunajská
Streda",Trnavský,PP,CP,"B, C, O, P, S","mp, rafg"
51110,"ATLANTA Žilina 1992, s. r. o.",Žilina,Žilina,Žilinský,PP,"CP,CS,MP,
PP","A, DU","mp, rafg"
5084,"Autocar  Ťažné  zariadenie  s.  r.  o.,  Rozrábka  a
výroba mäsových výrobkov u Ňaňa",Ivachnová,Ružomberok,Žilinský,PP,"CP, CS,  GHE,
PP","DU,  wA,  wG,
wL, wU","mp, rafg"
50511,"BARTÁNUS-Mäso ÚDENINY, s.r.o.,
MäSOVÝROBA Svätý Kríž,",Svätý Kríž,"Liptovský
Mikuláš",Žilinský,PP,PP,ALL,"mp, rafg"
1060,"Berto sk, s. r. o.","Vysokápri
Morave",Malacky,Bratislavský,PP,"CP,  CS,  MM,
MP, RW","B, P",mp
3066,"Biely potok, a. s.",Tŕstie,"Považská
Bystrica",Trenčiansky,PP,"CP, CS,  GHE,
MP","B, wU",mp
70710,BIT STEK s. r. o.,Terňa,Prešov,Prešovský,PP,"CP, CS, PP",DU,"mp, rafg"
5027,"Bitúnok Čadca, s.r.o.",Čadca,Čadca,Žilinský,PP,"CP,  CS,  MM,
MP,  PP,  RW,
SH","A, DU","mp, rafg"
1089,"BITÚNOK TOMÁŠOV, s.r.o.",Tomášov,Senec,Bratislavský,PP,"CP,CS,PP,
SH","B, P","mp, rafg"
1021,"BOD, s.r.o.",Bratislava,Bratislava 2,Bratislavský,PP,PP,"A, DU",mp
8111,"BRUTUS, s.r.o., Trebišov",Trebišov,Trebišov,Košický,PP,"CP,CS,MP,
PP, SH","B, O, P","mp, rafg"
6041,"Bystriansky, s.r.o.",Detva,Detva,Banskobystrický,PP,"CP, CS, PP",P,"mp, rafg"
612,CIMBAĽÁK s.r.o.,Bardejov,Bardejov,Prešovský,PP,"CP,  CS,  MM,
MP","A, B, C, L, O,
P, S",mp
2057,"COOP Jednota Senica, spotrebné družstvo",Jablonica,Senica,Trnavský,PP,"CP, CS, PP",ALL,"mp, rafg"
3050,"COOP Jednota Topoľčany, spotrebné družstvo",Chynorany,Partizánske,Trenčiansky,PP,"CP, CS, PP",ALL,"mp, rafg"
8052,"DALTON, spol. s r.o.",Košice,Košice,Košický,PP,"CP,  CS,  MM,
MP,  PP,  RW,
SH","A, B, C, G, L,
O, P, S","mp, rafg"
624,DANUBIUS spol. s r.o.,Komárno,Komárno,Nitriansky,PP,"CP,CS,PP,
RW, SH","B, C, O, P, S","mp,  rafg,
st"
246,DELIKA s.r.o.,Prešov,Prešov,Prešovský,PP,"CS,MP,PP,
RW",ALL,"mp, rafg"
1041,DELIKATES – Imrich Jurišta,Bratislava,Bratislava 4,Bratislavský,PP,"CP, CS, PP",ALL,"mp, rafg"
20113,"DUNA-HÚS, s.r.o.",Šamorín,"Dunajská
Streda",Trnavský,PP,"CP, CS, PP","B, P","mp, rafg"
6134L,"EKO-Produkt, s.r.o.","Kremnické
Bane","Žiarnad
Hronom",Banskobystrický,PP,"CP,CS,PP,
SH","B, P","mp, rafg"
3065,"EKORAJ Ďurďové, s.r.o., Mäsová výroba, farma
Ďurďové",Ďurďové,"Považská
Bystrica",Trenčiansky,PP,"CS, MM",DU,mp
8051,"ERIK, s.r.o.",Košice,Košice,Košický,PP,"CP,  CS,  MM,
MP, PP, RW","B, C, O, P, S","mp, rafg"
5082,"ESPEVE 9, s.r.o.",Ružomberok,Ružomberok,Žilinský,PP,,ALL,mp
1065,"EuroGen, spol. s r.o.","Plavecké
Podhradie",Malacky,Bratislavský,PP,"CP,  CS,  MM,
MP","A, B, fG, L, P",mp
8073,"EXAPRO Energy spol. s r.o., Dobroty od gazdu",Michalovce,Michalovce,Košický,PP,"CS, PP","A, DU","mp, rafg"
3095,"FALCO, s.r.o.",Trenčín,Trenčín,Trenčiansky,PP,"CP, CS, RW","A, DU","mp, rafg"
5092,"FARMA Zliechov, spol. s r.o.",Bodorová,"Turčianské
Teplice",Žilinský,PP,"CP, CS, PP",DU,"mp, rafg"
2014,FEJES OTTO A SYN s.r.o.,"Blatnána
Ostrove","Dunajská
Streda",Trnavský,PP,"CP,CS,PP,
SH","B, P","mp, rafg"
2020,Fekollini s.r.o.,Sládkovičovo,Galanta,Trnavský,PP,,ALL,mp
80610,Food industry plus s.r.o.,Ploské,"Košice-
okolie",Košický,PP,"CS, MP","A, B, P",mp
8108,"Forspiš-mäso Výroba s.r.o., Mäsovýroba",Markušovce,"Spišská
Nová Ves",Košický,PP,"CS, PP, RW",DU,"mp, rafg"
2036,František Lukáčik Mäso údeniny-potraviny,Leopoldov,Hlohovec,Trnavský,PP,"CP, CS, PP",DU,"mp, rafg"
8103,František Marton,Krompachy,"Spišská
Nová Ves",Košický,PP,"CP, CS, PP",DU,"mp, rafg"
6132,"GASTRO SK, s. r. o.","Žiarnad
Hronom","Žiarnad
Hronom",Banskobystrický,PP,"CS, PP",DU,"mp, FP"
8081,"GET group, s.r.o.",Rožňava,Rožňava,Košický,PP,"CP,CS,MP,
PP","B, O, P","mp, rafg"
6131,"GROTTO, a.s.","Bartošova
Lehôtka","Žiarnad
Hronom",Banskobystrický,PP,"CS, MP, RW","A, B, P",mp
7104,"GSL - SK, s.r.o.",Stará Ľubovňa,"Stará
Ľubovňa",Prešovský,PP,"CP, CS, PP","A, B, O, P","mp, rafg"
6114,"Gurman - ZV s. r. o.,",Breziny,Zvolen,Banskobystrický,PP,"CP,CS,PP,
RW",DU,"mp, rafg"
7021,"GVP, spol. s r.o. Humenné",Humenné,Humenné,Prešovský,PP,"CP,CS,MP,
PP, RW","A, DU, G","mp, rafg"
136,"H S H, spoločnosť s ručením obmedzeným",Veľké Zálužie,Nitra,Nitriansky,PP,"CP,  CS,  MM,
MP, MSM, SH","A,B,P,S,
wA, wU",mp
5024,"hamsal, s.r.o.",Čadca,Čadca,Žilinský,PP,"CP, CS, PP","A, DU, wU","mp, rafg"
635,"HO&PE FAMILY, s.r.o.",Poprad,Poprad,Prešovský,PP,"CP,CS,MP,
RW",ALL,mp
621,HÔRKA s.r.o.,"Trenčianska
Teplá",Trenčín,Trenčiansky,PP,"CP,CS,MP,
PP","A, B, P","mp, rafg"
70713,HURKA s.r.o.,Prešov,Prešov,Prešovský,PP,"CP,  MM,  MP,
PP",ALL,"mp, rafg,"
8022,"HYDINA SK s.r.o., Výrobňa trvanlivých mäsových
výrobkov",Košice,Košice,Košický,PP,CS,"B,O,P,S,
wU",mp
106,HYZA. a.s.,Topoľčany,Topoľčany,Nitriansky,PP,"CP,CS,MP,
MSM, RW, SH",A,mp
4065,Igor Božik IB mäso,Vozokany,Topoľčany,Nitriansky,PP,"CP,  CS,  MM,
PP","A, DU","mp, rafg"
2029,Imrich Forró,Váhovce,Galanta,Trnavský,PP,"CP, PP",ALL,"mp, rafg"
7122,Ing. Ján Potoma,Stropkov,Stropkov,Prešovský,PP,,"B, P",mp
628,Ing. Peter Ertel Mäsovýroba Koš,Koš,Prievidza,Trenčiansky,PP,CP,"B, P",mp
8010,Ing. Stanislav Marcinek,Gelnica,Gelnica,Košický,PP,"CP,  CS,  MM,
PP, SH",ALL,"mp,st,
rafg"
26,ISTERMEAT a.s.,"Dunajská
Streda","Dunajská
Streda",Trnavský,PP,"CP,  CS,  MM,
MP, PP, SH",ALL,"mp,  rafg,
st"
3092,"Jakub Ilavský, s. r. o.",Trenčín,Trenčín,Trenčiansky,PP,"CP,CS,MP,
PP, RW","A, B, P","mp, rafg"
6101,Ján Drugda,Veľký Krtíš,Veľký Krtíš,Banskobystrický,PP,"CP, MP, PP",DU,"mp, rafg"
7124,Ján Varga – MÄSO ESO,Stropkov,Stropkov,Prešovský,PP,"CP, CS, PP",DU,"mp, rafg"
3079,"Jaroslav Páleš Mäsovýroba „Zlatý býk""",Bojnice,Prievidza,Trenčiansky,PP,"CP, CS, PP","B, C, O, P","mp, rafg"
7076,Jaroslav Petruš - Kropet,Veľký Šariš,Prešov,Prešovský,PP,"CP, CS, PP",DU,"mp, rafg"
613,"JINEX, s.r.o.",Žilina,Žilina,Žilinský,PP,"CP, CS, MP","A, B, C, G, O,
P, S","mp, rafg"
5118,Jozef Machciník MAJOVEY,Žilina - Bánová,Žilina,Žilinský,PP,"CP, CS, PP",ALL,"mp, rafg"
3045,Jumäs Trade s. r. o.,"NovéMesto
nad Váhom","Nové  Mesto
n.Váhom",Trenčiansky,PP,"CP,CS,MP,
PP, RW","A,  B,  C,  fG,
O,P,R,S,
wG, wL, wU","mp, rafg"
4055,K&T mäso spol. s r. o.,Tešedíkovo,Šaľa,Nitriansky,PP,"CP, CS, PP",ALL,"mp, rafg"
9-118,"KORO, s.r.o.","Rimavská
Sobota","Rimavská
Sobota",Banskobystrický,PP,PP,"ALL, FP",mp
150,KUPEX spol. s r.o.,Voderady,Trnava,Trnavský,PP,"CP, CS, MP","A, P",mp
3096,"Lacnea Slovakia, s. r. o.",Trenčín,Trenčín,Trenčiansky,PP,"CP,CS,MP,
PP, RW","A, DU, wU","mp, rafg"
3076,Ladislav Borko Mäsiarstvo u Borku,Prievidza,Prievidza,Trenčiansky,PP,"CP, CS, MP",DU,mp
7041,Ladislav Kočík,Studenec,Levoča,Prešovský,PP,"CP,CS,PP,
SH","B, P","mp, rafg,"
3097,LAPREMA Trnava s.r.o.,Trenčín,Trenčín,Trenčiansky,PP,"CP,CS,MP,
MSM, PP, RW","A, B, P, wU","mp, rafg"
5056,LEN-SK a.s.,"Liptovský
Hrádok","Liptovský
Mikuláš",Žilinský,PP,,DU,mp
5058,LIPTOV FOOD s. r. o.,Uhorská Ves,"Liptovský
Mikuláš",Žilinský,PP,"CS, PP",P,"mp, rafg"
6056,Ľubomír Lapin a.s.,Krupina,Krupina,Banskobystrický,PP,"CP,CS,PP,
RW","B, O, P","mp, rafg"
6115,Ľubomír Václavík - PASMA,Hriňová,Detva,Banskobystrický,PP,"CP,CS,PP,
SH",DU,"mp, rafg"
6102,M - NOVOMAX - D s.r.o.,Bušince,Veľký Krtíš,Banskobystrický,PP,"CP,CS,PP,
SH",DU,"mp, rafg"
4064,"M - TEAM, s.r.o.",Jacovce,Topoľčany,Nitriansky,PP,"CP, CS, PP",DU,"mp, rafg"
20310,"Majster mäsiar, s.r.o.",Hlohovec,Hlohovec,Trnavský,PP,"CP, CS, PP","A, DU","mp, rafg"
4016L,"Mangalica farma, s.r.o., so sídlom Pavlov Dvor",Hurbanovo,Komárno,Nitriansky,PP,"CP,CS,PP,
SH","B,C,O,P,
wU","mp, rafg"
7023,"MáriaJancuskováMÄSOÚDENINY,
MÄSOVÝROBA REBEJ","Modranad
Cirochou",Humenné,Prešovský,PP,CS,"A, DU","mp, rafg"
3094,Marián Janík,"Trenčianske
Teplice",Trenčín,Trenčiansky,PP,"CP, CS","A, DU","mp, rafg"
4071,MATEJOV s.r.o.,Zlaté Moravce,"Zlaté
Moravce",Nitriansky,PP,"CP, PP, SH","A, DU","mp,  rafg,
st"
5036,"MAXXI, s.r.o.",Zázrivá,Dolný Kubín,Žilinský,PP,CS,,mp
5093,Mäsiarstvo PM,"Turčianske
Teplice","Turčianské
Teplice",Žilinský,PP,"CP,  CS,  MM,
MP, PP","A, B, P","mp, rafg"
7064,Mäso - Tatry s. r. o.,"Spišská
Teplica",Poprad,Prešovský,PP,"CP,  CS,  MM,
MP, PP","B, P","mp, rafg"
50510,Mäso Liptov s.r.o.,"Liptovský
Hrádok","Liptovský
Mikuláš",Žilinský,PP,"CP, CS, RW",DU,mp
5053,"Mäso Lúžna, s.r.o.","Liptovská
Lúžna",Ružomberok,Žilinský,PP,"CP, CS, PP","B, P","mp, rafg"
4038,"Mäso Melek, s.r.o., Melek 231, 952 01 Melek",Melek,Nitra,Nitriansky,PP,"CP,CS,PP,
SH","B, C, O, P, S","mp,  rafg,
st"
5062,"MÄSO PARÍŽEK, s.r.o.",Martin,Martin,Žilinský,PP,"CP, PP",ALL,"mp, rafg"
8071,"Mäso ZEMPLÍN, a.s.",Michalovce,Michalovce,Košický,PP,"CP,CS,PP,
SH",DU,"mp, rafg"
2013,"MÄSOCENTRUM, s.r.o.",Dolný Štál,"Dunajská
Streda",Trnavský,PP,"CP, PP, SH",ALL,"mp, rafg"
615,"Mäsokombinát NORD SVIT, s. r. o.",Svit,Poprad,Prešovský,PP,"CP,  CS,  MM,
MP, RW","A, B, O, P",mp
30712,MäsoPonitrie SK s. r. o.,"Lehotapod
Vtáčnikom",Prievidza,Trenčiansky,PP,"CP, CS, PP",DU,"mp, rafg"
20512,Mäsovinky s.r.o.,Jablonica,Senica,Trnavský,PP,"CP,  CS,  MM,
PP","A,DU,fG,
wA, wG, wU","mp, rafg"
5065,Mäsovýroba Anton Kozák,Sučany,Martin,Žilinský,PP,"CP,  CS,  MM,
MP, PP","A, B, O, P","mp, rafg"
51115,Mäsovýroba Bos Taurus,Žilina,Žilina,Žilinský,PP,"CP,  CS,  MM,
MP, PP","B, fG, P","mp, rafg"
7061,"MÄSOVÝROBA DONČÁK, s. r. o.",Kravany,Poprad,Prešovský,PP,"CP, CS, PP","B, P","mp, rafg"
66,Mäsovýroba Kopčany s. r. o.,Kopčany,Skalica,Trnavský,PP,"CP,CS,MP,
PP, RW","A,  B,  C,  fG,
O,  P,  S,  wA,
wG, wL, wU","mp, rafg"
6012,Mäsovýroba Medzibrod,Medzibrod,"Banská
Bystrica",Banskobystrický,PP,"CP, CS, PP","B, O, P, wU","mp, rafg"
4057,"Mäsovýroba PATA s.r.o., Prevádzkareň Močenok",Močenok,Šaľa,Nitriansky,PP,"CS, PP","A, DU","mp, rafg"
5064,Mäsovýroba s.r.o.,Sklabiňa,Martin,Žilinský,PP,"CP, CS, PP","B, P","mp, rafg"
7063,MÄSOVÝROBA ŠTEFAN KNIŽKA s.r.o.,Hranovnica,Poprad,Prešovský,PP,"CP,CS,MP,
PP, RW","A,  B,  fG,  P,
wU","mp, rafg,"
4059,"Mäsovýroba VEPI, s. r. o.",Šaľa,Šaľa,Nitriansky,PP,"CP,CS,PP,
RW","A, DU","mp, rafg"
2043,"Mäsovýroba Vrbové, s.r.o.",Vrbové,Piešťany,Trnavský,PP,"CP, CS, PP","B, P","mp, rafg"
51114,Mäsovýrobňa,Višňové,Žilina,Žilinský,PP,"CP, CS",DU,mp
7012,MÄSPOL s.r.o.,Kľušov,Bardejov,Prešovský,PP,,ALL,mp
6061,MECOM GROUP s.r.o.,Lučenec,Lučenec,Banskobystrický,PP,CS,"A, B, P",mp
63,MECOM GROUP s.r.o.,Humenné,Humenné,Prešovský,PP,"CS, RW","A, DU",mp
5079,Mgr.Ing. Andrzej Janowiak,Hruštín,Námestovo,Žilinský,PP,MP,ALL,mp
5034,Michal Polunc,"Oravský
Podzámok",Dolný Kubín,Žilinský,PP,,ALL,mp
1051,Michal Raninec - MIRAN,Bratislava,Bratislava 5,Bratislavský,PP,"CP, CS, PP",ALL,"mp, rafg"
4053,"MIK, s.r.o.",Šaľa,Šaľa,Nitriansky,PP,"CP, CS, PP","A, DU, P","mp, rafg"
5055,"MIKONMIKULÁŠ, s. r. o.","Liptovský
Mikuláš","Liptovský
Mikuláš",Žilinský,PP,"CP, CS, PP",DU,"mp, rafg"
6081,Mikuláš Čupka - M.K.M. mäso REVÚCA,Revúca,Revúca,Banskobystrický,PP,CP,ALL,mp
7032,"MIROND, spol. s r.o. Kežmarok",Kežmarok,Kežmarok,Prešovský,PP,"CP,CS,PP,
SH","B, P","mp, rafg"
5076,"MiroslavKubicaMÄSO-UDENINY,Bitúnok,
mäsová výroba",Zákamenné,Námestovo,Žilinský,PP,"CP,CS,PP,
SH","B, O","mp, rafg,"
4067,"Miroslav Kyjaci jn., Mäsovýroba",Topoľčany,Topoľčany,Nitriansky,PP,,DU,mp
3078,Miroslav Vrban - TEMPO,"Nitrianske
Rudno",Prievidza,Trenčiansky,PP,"CP, CS, PP",ALL,"mp, rafg"
4069,"MV MARTON, s.r.o.",Továrniky,Topoľčany,Nitriansky,PP,"CP,CS,MP,
PP","A, DU","mp, rafg"
13,Nestlé Slovensko s.r.o.,Prievidza,Prievidza,Trenčiansky,PP,,"A, B, P",pap
625,"NOVOFRUCT SK, s.r.o.",Nové Zámky,Nové Zámky,Nitriansky,PP,PP,"A,  B,  FP,  L,
O, P",mp
7070,"OB mäsovýroba, s.r.o.",Lemešany,Prešov,Prešovský,PP,"CP, CS, PP",DU,"mp, rafg"
1083,Pavol Šišolák,Gajary,Malacky,Bratislavský,PP,"CP, PP, SH",ALL,"mp, rafg"
3013,"PD „BREZINA“ PRAVOTICE, družstvo",Pravotice,"Bánovce
nad
Bebravou",Trenčiansky,PP,"CP, CS,  GHE,
PP","B, P, wU","mp, rafg"
4044,"Peter Bernáth - mäso, údeniny",Nová Vieska,Nové Zámky,Nitriansky,PP,"CP, CS, PP",ALL,"mp, rafg"
5102,Peter Jendrášek,Trstená,Tvrdošín,Žilinský,PP,"CP,CS,MP,
PP",DU,"mp, rafg"
2027,Peter Moťovský - Mäso MO-PO,Topoľnica,Galanta,Trnavský,PP,"CP, CS, PP",DU,"mp, rafg"
2042,Peter Varga - P + E,Piešťany,Piešťany,Trnavský,PP,"CP, CS, PP",DU,"mp, rafg"
2077,Peter Vaško,Brestovany,Trnava,Trnavský,PP,PP,ALL,"mp, rafg"
134,"Podtatranská hydina, a.s.",Kežmarok,Kežmarok,Prešovský,PP,"CP,CS,MP,
MSM, RW","A, B, P",mp
7102,"POĽANA-podielníckedružstvoJarabina,
Mäsiarstvo Jarabina",Jarabina,"Stará
Ľubovňa",Prešovský,PP,"CP, PP, SH",DU,"mp,  rafg,
st"
8102,"Poľnohospodárske družstvo ""Čingov"" Smižany","Spišské
Tomášovce","Spišská
Nová Ves",Košický,PP,"CP,CS,PP,
SH",DU,"mp,  rafg,
st"
5061,"Poľnohospodárske  družstvo  ""SNP"" so  sídlom v
Sklabini, okres Martin",Sklabiňa,Martin,Žilinský,PP,"CP, PP",ALL,"mp, rafg"
3023,Poľnohospodárske družstvo Bolešov,Bolešov,Ilava,Trenčiansky,PP,"CS, PP",ALL,"mp, rafg"
70715,"Poľnohospodárske družstvo Branisko v Širokom,
Mäsovýroba Hrabkov",Hrabkov,Prešov,Prešovský,PP,"CP, CS, PP","B, C, O, P","mp, rafg"
2035,Poľnohospodárske družstvo Hlohovec,Hlohovec,Hlohovec,Trnavský,PP,"CP,CS,PP,
SH",DU,"mp, rafg"
2041,Poľnohospodárske družstvo Chtelnica,Chtelnica,Piešťany,Trnavský,PP,"CP,CS,PP,
SH",DU,"mp, rafg"
5052,"Poľnohospodárske  družstvo  Lisková  -  Sliače,
družstvo",Lisková,Ružomberok,Žilinský,PP,"CP,CS,PP,
SH",DU,"mp, rafg"
5011,"Potravinárska výrobňa a predajňa - Chuťovky na
stôl",Bytča,Bytča,Žilinský,PP,CS,"A, DU",mp
61114,POZANA MEAT s.r.o.,Zvolen,Zvolen,Banskobystrický,PP,"CS, MP, RW","A,B,O,P,
wU",mp
61115,POZANA MEAT s.r.o.,Zvolen,Zvolen,Banskobystrický,PP,"CS, PP","A, B, P, wU","mp, rafg"
3084,PÚCHOVSKÝ GAZDA s.r.o.,Púchov,Púchov,Trenčiansky,PP,"CS, MP, PP",ALL,"mp, rafg"
3081,Púchovský mäsový priemysel a.s.Púchov,Púchov,Púchov,Trenčiansky,PP,"CP,CS,MP,
PP","A, B, C, O, P,
S","mp, rafg"
30717,"Putifars.r.o.,Spracovaniezverinyareál
AGROSPOL Diviaky nad Nitricou","Diviakynad
Nitricou",Prievidza,Trenčiansky,PP,"CP, CS,  GHE,
MP","A, B, P",mp
1042,Raninec Michal-MIRAN,Bratislava,Bratislava 4,Bratislavský,PP,,ALL,mp
4036,"REFKA, s.r.o., bitúnok Mojmírovce",Mojmírovce,Nitra,Nitriansky,PP,"CS, PP","B, P","mp, rafg"
2071,Róbert Gašparík - mäsovýroba s.r.o.,Trnava,Trnava,Trnavský,PP,CP,"A, B, C, O, P,
S",mp
2038,Róbert Gašparík – mäsovýroba s.r.o.,Trnava,Trnava,Trnavský,PP,CS,"A, B, P",mp
3010,Róbert Šiko - Mäso-údeniny,"Bánovcenad
Bebravou","Bánovce
nad
Bebravou",Trenčiansky,PP,"CP, CS, PP","A, DU","mp, rafg"
8116,"Rozrábka a výroba mäsových výrobkov, FBR s. r.
o.","Kráľovský
Chlmec",Trebišov,Košický,PP,"CP,CS,MP,
PP",P,"mp, rafg"
9-90,RYBA Košice spol. s r.o.,Košice,Košice,Košický,PP,"CS, PP, RW",ALL,"M, mp"
7101,SEPP trade. s.r.o.,Stará Ľubovňa,"Stará
Ľubovňa",Prešovský,PP,"CP,CS,PP,
RW, SH","A, B, C, O, P","mp,  rafg,
st"
5054,"SilviaJánošíková-RUDOLFJÁNOŠÍK
MÄSOPRODUKT",Ružomberok,Ružomberok,Žilinský,PP,"CP, CS, PP",ALL,"mp, rafg"
5087,Simona Andreidesová - FARMA FÉNIX,Ružomberok,Ružomberok,Žilinský,PP,"CP, CS, PP","B, P","mp, rafg"
5114,"SOBČIAK, spol. s r. o.","Žilina-
Závodie",Žilina,Žilinský,PP,"CP, CS, PP","A, DU","mp, rafg"
6066,"SS - GROUPE, s.r.o.",Rapovce,Lučenec,Banskobystrický,PP,"CP, CS,  GHE,
MM, MP, PP","B, C, fG, O, P,
wG, wU","mp, rafg"
8101,"Stanica výkrmnosti a jatočnej hodnoty ošípaných,
s.r.o.","Spišské
Vlachy","Spišská
Nová Ves",Košický,PP,"CP,CS,PP,
SH","B, P","rafg, mp"
630,SVAMAN spol. s r.o.,Myjava,Myjava,Trenčiansky,PP,"CS, MP","B, C, fG, O, P,
S, wU",mp
7072,"ŠAGÁT, spol.s r.o.",Malý Šariš,Prešov,Prešovský,PP,"CP, CS","A, B, P","mp, rafg"
611,TATRAKON spol. s r.o.,Poprad,Poprad,Prešovský,PP,CS,"A,  B,  C,  fG,
FP, O, P, S",mp
15,TAURIS NITRIA spol. s r.o.,Mojmírovce,Nitra,Nitriansky,PP,,"B, C, O, P, S",mp
618,"TAURIS, a.s.","Rimavská
Sobota","Rimavská
Sobota",Banskobystrický,PP,"CP, CS, RW","A, DU",mp
8106,"TAURIS, a.s., prevádzkareň MäsoSpiš","SpišskáNová
Ves","Spišská
Nová Ves",Košický,PP,"CS,  MM,  MP,
RW","B, P",mp
4043,Tibor Kovács - K & K mäso,Nová Vieska,Nové Zámky,Nitriansky,PP,"CP, CS, PP",DU,"mp, rafg"
616,"V.M.MARLEX, s.r.o.","Kysucké  Nové
Mesto","Kysucké
Nové Mesto",Žilinský,PP,"CP,CS,MP,
PP, RW","A, DU","mp, rafg"
1053,"VER BEST Consulting, s. r. o.",Bratislava V.,Bratislava 5,Bratislavský,PP,CS,P,mp
30718,"Viawork.eu, s.r.o.","Diviacka  Nová
Ves",Prievidza,Trenčiansky,PP,"CP,CS,MP,
PP, RW","A, DU","mp,  rafg,
st"
68,VIJOFEL plus s. r. o.,Bartošovce,Bardejov,Prešovský,PP,"CP, CS, MP","A, DU",mp
1080,"VÍNO MATYŠÁK, s.r.o.",Pezinok,Pezinok,Bratislavský,PP,"CP, CS, PP",ALL,"mp, rafg"
3077,"VJARSPOL, s.r.o.","Nitrianske
Pravno",Prievidza,Trenčiansky,PP,"CP, PP, SH",ALL,"mp, rafg"
6021,Vladimír Stračina MÄSIAR - ÚDENÁR,Banská Belá,"Banská
Štiavnica",Banskobystrický,PP,"CP, CS,  GHE,
PP","DU, wU","mp, rafg"
SK-MI 6-3,"AGRO - BIO s.r.o., Závadka",Závadka,Michalovce,Košický,EPC,,A,
SK-VH-KN-02,"Agrodružstvo Kameničná, farma Decsi",Kameničná,Komárno,Nitriansky,EPC,CS,A,
10127,Agro-družstvo Klokoč,Klokoč,Detva,Banskobystrický,EPC,,A,
SK-TN 1-6,Agrokombinát a.s.,Veľké Bierovce,Trenčín,Trenčiansky,EPC,,A,
SK-VK 6-1,"Babičkin dvor, a.s.",Veľký Krtíš,Veľký Krtíš,Banskobystrický,EPC,CS,A,
SK-TT 1-6,Biogal a.s.,Špačince,Trnava,Trnavský,EPC,,,
SK-TV 6-1,Blažej Hrubovský,Malý Ruskov,Trebišov,Košický,EPC,,A,
SK 182 ES,DUGY plus s.r.o.,Prešov,Prešov,Prešovský,EPC,"CS, RW",A,
SK-KS 6-1,"Eggro-farm, s. r. o.","Košická
Polianka","Košice-
okolie",Košický,EPC,,A,
1 SK-NM 6-1,"FarmaJandechDolina,MiroslavJakubec,
farmár,",Priepasné,Myjava,Trenčiansky,EPC,,A,
10065,"FARMA Zliechov, spol. s r.o.",Bodorová,"Turčianské
Teplice",Žilinský,EPC,,A,
286,"FIN PLUS, spol. s r.o.",Žilina,Žilina,Žilinský,EPC,,A,
SK-NR 1-6,Hybrav a.s.,Veľký Lapaš,Nitra,Nitriansky,EPC,,A,
SK 223 ES,Hydina Holding s.r.o.,Ružomberok,Ružomberok,Žilinský,EPC,,,
10045,"HYDINA HOLDING, s.r.o.",Kežmarok,Kežmarok,Prešovský,EPC,"CS, LEP",A,
SK-SI 1-6,HYDINÁR a.s.,Gbely,Skalica,Trnavský,EPC,,A,
SK BB 6-1,"Hydinová  farma  Pačanský  s.r.o.,  hospodársky
dvor Čačín",Čačín,"Banská
Bystrica",Banskobystrický,EPC,CS,A,
SK-KA 6-1,Ing. Štefan Ukrop - AGROUKDO,"Krupina -  časť
Bebrava",Krupina,Banskobystrický,EPC,RW,A,
SK-ZV 6-1,Ing. Štefan Ukrop - AGROUKDO,Krupina,Krupina,Banskobystrický,EPC,,A,
SK-VT 6-1,Ján Gurega,Vechec,"Vranovnad
Topľou",Prešovský,EPC,,A,
SK-PU 6-1,JANEK s.r.o.,Púchov,Púchov,Trenčiansky,EPC,,A,
SK-TN 6-1,JANEK s.r.o.,"Trenčianske
Stankovce",Trenčín,Trenčiansky,EPC,,A,
SK LE 6-1,"JANEKs.r.o.,HydinárskafarmaSpišské
Podhradie","Spišské
Podhradie",Levoča,Prešovský,EPC,,A,
10119,Kamil Vidiščák - PKV,Chotča,Stropkov,Prešovský,EPC,,A,
SK-NR 6-3,"Liaharenský podnik Nitra, a.s, farma Jarok",Nitra,Nitra,Nitriansky,EPC,,A,
10021,"MACH HYDINA BUDMERICE, s.r.o., farma Nový
Pavol",Budmerice,Komárno,Nitriansky,EPC,,A,
10011,Martin Trabalka,Vavrečka,Námestovo,Žilinský,EPC,,A,
SK-DS 6-1,"Medzičilizie, a.s.","Čiližská
Radvaň","Dunajská
Streda",Trnavský,EPC,,A,
241,Michal Dominik - DOVAJ,Rožňava,Rožňava,Košický,EPC,CS,A,
SK-NZ 1-6,NOVOGAL a.s.,"Dvorynad
Žitavou",Nové Zámky,Nitriansky,EPC,,,
SK-LV 1-6,"Novogal Dvory nad Žitavou, a.s.",Levice,Levice,Nitriansky,EPC,,A,
SK-LV 6-1,"Poľnohospodárske družstvo ""Pokrok"", Triediareň
vajec","Tekovské
Lužany",Levice,Nitriansky,EPC,,A,
SK-KN 1-6,Poľnohospodárske družtvo Kolárovo,Kolárovo,Komárno,Nitriansky,EPC,,,
SK-SC 1-6,ProOvo a.s.,Bernolákovo,Senec,Bratislavský,EPC,,,
SK-LC 1-6,"Rimgal, spol. s r.o., Triediareň Nové Hony",Nové Hony,Lučenec,Banskobystrický,EPC,,A,
SK-KS 1-6,"Rudolf Pöhm, Pöhm & Göbl",Medzev,"Košice-
okolie",Košický,EPC,,A,
SK - MT 6-2,"SHP a. s., triediareň vajec Horná štubňa",Horná štubňa,"Turčianské
Teplice",Žilinský,EPC,,A,
SK-RS 1-6,Triediareň vajec Spohypo Rimavská Sobota a.s.,"Rimavská
Sobota","Rimavská
Sobota",Banskobystrický,EPC,,A,
10116,Triediareň vajec Tešedíkovo,Tešedíkovo,Šaľa,Nitriansky,EPC,,A,
SK - BJ 6 - 3,Valerián Mihňák,Koprivnica,Bardejov,Prešovský,EPC,RW,A,
227,"Promt SR, s.r.o.",Prešov,Prešov,Prešovský,PP,"CS, PP",A,
289,"Výroba vaječných výrobkov, Vector Invest, s.r.o.,",Prešov,Prešov,Prešovský,PP,"CS, LEP",A,
10045,"HYDINA HOLDING, s.r.o.",Kežmarok,Kežmarok,Prešovský,LEP,"CS, EPC",A,
10053,MPC PLUS spol. s r.o.,"SpišskáNová
Ves","Spišská
Nová Ves",Košický,LEP,CS,A,
